Description,Price,Rating,ReviewCount,Url
COI Memo Pad Daily Shopping | Check | Grocery List Gift for Men & Women Pack of 8 Pads,₹399,4.2 out of 5 stars,557,http://www.amazon.in/gp/slredirect/picassoRedirect.html/ref=pa_sp_atf_aps_sr_pg1_1?ie=UTF8&adId=A005415712F3T6GYCM8U3&url=%2FCOI-Daily-Shopping-Check-Grocery%2Fdp%2FB09CMVXNC4%2Fref%3Dsr_1_1_sspa%3Fkeywords%3DShopping%2B_%2BList%26qid%3D1654450622%26sr%3D8-1-spons%26psc%3D1&qualifier=1654450622&id=2211822321048851&widgetName=sp_atf
COI Combo Set of Love & Attraction Pocket Planner | Mini Diary Perfect Shopping | Grocery List Best Gift for Me & U,"₹1,649",4.0 out of 5 stars,1,http://www.amazon.in/gp/slredirect/picassoRedirect.html/ref=pa_sp_atf_aps_sr_pg1_1?ie=UTF8&adId=A034641220O0R96EGKD7S&url=%2FCOI-Attraction-Planner-Perfect-Shopping%2Fdp%2FB09PBT4QKY%2Fref%3Dsr_1_2_sspa%3Fkeywords%3DShopping%2B_%2BList%26qid%3D1654450622%26sr%3D8-2-spons%26psc%3D1&qualifier=1654450622&id=2211822321048851&widgetName=sp_atf
"3Lines Acrylic Magnetic Board Shopping List Papaya Yellow Planner for Fridge (Size: Large 12x24 CMs Includes Magnatic Marker) Daily List Planner, Reminders, Notes & More for Kids and Adults",₹495,3.5 out of 5 stars,2,http://www.amazon.in/3Lines-Acrylic-Magnetic-Shopping-Planner/dp/B09YV18M1J/ref=sr_1_3?keywords=Shopping+_+List&qid=1654450622&sr=8-3
"COI Collection to DO List Notepad| Easy Tear Off Meow PAD for Shopping Lists, Reminders, APPOINTMENTS & Notes 5.5 * 8.5 INCHES| 50 Sheets Each (Set of 2 MEMO Pads)",₹199,3.8 out of 5 stars,16,http://www.amazon.in/COI-Collection-Shopping-Reminders-APPOINTMENTS/dp/B08HXWYTJC/ref=sr_1_4?keywords=Shopping+_+List&qid=1654450622&sr=8-4
"Orchard Toys Shopping List Booster Pack - Fruit & Veg, Multicolor (090)",₹999,4.8 out of 5 stars,"8,989",http://www.amazon.in/Shopping-List-Booster-Pack-Fruit/dp/B0013FUKE2/ref=sr_1_5?keywords=Shopping+_+List&qid=1654450622&sr=8-5
Shopngift 150 Pages Memo Pad Shopping List to do List Scribble pad - (1 PC),₹199,,,http://www.amazon.in/DITACHI-Shopngift-Pages-Shopping-List/dp/B07SL6C4N1/ref=sr_1_6?keywords=Shopping+_+List&qid=1654450622&sr=8-6
"Factor Notes Notepad: Polka Shopping List, FN5007",₹239,,,http://www.amazon.in/Factor-Notes-Notepad-Shopping-FN5007/dp/B098NPJ232/ref=sr_1_7?keywords=Shopping+_+List&qid=1654450622&sr=8-7
mfm toys fridge magnet write-erase notepads planners! (shopping list)- Multi color,₹295,3.8 out of 5 stars,798,http://www.amazon.in/MFM-TOYS-Write-Erase-Notepads-Planners/dp/B07KDFX9X4/ref=sr_1_8?keywords=Shopping+_+List&qid=1654450622&sr=8-8
"Orchard Toys Shopping List Booster Pack - Clothes, Multicolor (091)",₹950,4.8 out of 5 stars,"8,989",http://www.amazon.in/Orchard-Toys-Shopping-List-Booster/dp/B0013FYI68/ref=sr_1_9?keywords=Shopping+_+List&qid=1654450622&sr=8-9
"COI Notes List Notepad Planner, to Do List, Grocery, Shopping, Daily Tasks List Set of 4",₹199,4.2 out of 5 stars,60,http://www.amazon.in/COI-Notepad-Planner-Grocery-Shopping/dp/B09W1CDLJ6/ref=sr_1_10?keywords=Shopping+_+List&qid=1654450622&sr=8-10
COI Note Pad/Memo Book with Sticky Notes & Clip Holder with Pen for Gifting,₹199,4.1 out of 5 stars,"7,695",http://www.amazon.in/gp/slredirect/picassoRedirect.html/ref=pa_sp_mtf_aps_sr_pg1_1?ie=UTF8&adId=A0859449MKX5QVANT5WL&url=%2FCOI-Sticky-Notes-Holder-Gifting%2Fdp%2FB00UGZWM2I%2Fref%3Dsr_1_11_sspa%3Fkeywords%3DShopping%2B_%2BList%26qid%3D1654450622%26sr%3D8-11-spons%26psc%3D1&qualifier=1654450622&id=2211822321048851&widgetName=sp_mtf
"GRYPHUS by SS Creation Collection Joy List Notepad| Easy Tear Off Memo PAD for Shopping Lists, Reminders, APPOINTMENTS & Notes 5.5 * 8.5 INCHES| 50 Sheets Each (Set of 2 MEMO Pads)",₹199,5.0 out of 5 stars,1,http://www.amazon.in/gp/slredirect/picassoRedirect.html/ref=pa_sp_mtf_aps_sr_pg1_1?ie=UTF8&adId=A0709307BU3K8B33ABBG&url=%2FGRYPHUS-Collection-Shopping-Reminders-APPOINTMENTS%2Fdp%2FB08K4XMFGN%2Fref%3Dsr_1_12_sspa%3Fkeywords%3DShopping%2B_%2BList%26qid%3D1654450622%26sr%3D8-12-spons%26psc%3D1&qualifier=1654450622&id=2211822321048851&widgetName=sp_mtf
"akiiko Stationery Set - Notepads, Diaries, Shopping Lists, Recipe Notes, to-Do Lists & Pencils",₹449,,,http://www.amazon.in/akiiko-Stationery-Set-Notepads-Do/dp/B08WHGJTD2/ref=sr_1_13?keywords=Shopping+_+List&qid=1654450622&sr=8-13
Shopping List: 1,"₹1,074",4.4 out of 5 stars,by ,http://www.amazon.in/Shopping-List-Robert-Over/dp/0998636959/ref=sr_1_14?keywords=Shopping+_+List&qid=1654450622&sr=8-14
"Diarymart To Do List Notepad Notes Tear-Off Pad, Memo Pad for Shopping Lists, Reminders, Appointments Set of 4 Writing Pads (D304)",₹199,,,http://www.amazon.in/Diarymart-Tear-Off-Shopping-Reminders-Appointments/dp/B0B1B4J59T/ref=sr_1_15?keywords=Shopping+_+List&qid=1654450622&sr=8-15
"MRP CREATION - Magnetic Notepads for Fridge, Full Magnet Back Notepad, to Do List, Grocery Shopping, Reminders, Priorities and Notes(60 Sheets)",₹249,5.0 out of 5 stars,1,http://www.amazon.in/MRP-CREATION-Magnetic-Reminders-Priorities/dp/B09WP76DH2/ref=sr_1_16?keywords=Shopping+_+List&qid=1654450622&sr=8-16
Laurel Crystal Assorted Multi Clip Lilliput - 15x25mm Strong Durable Light Spring Clips Clamp for Stacking Paper Magazines Holding Documents Shopping List Maps Sealing Closing Packaging Bags - 4 Clips,₹295,4.0 out of 5 stars,1,http://www.amazon.in/Laurel-Crystal-Assorted-Multi-Lilliput/dp/B08PT1WCWK/ref=sr_1_17?keywords=Shopping+_+List&qid=1654450622&sr=8-17
Paper Fiestas Grocery List Shopping Notepad | 100gsm Paper | 50 Sheets | Magnetic Back,₹199,3.4 out of 5 stars,3,http://www.amazon.in/Fiestas-Grocery-Shopping-Notepad-Magnetic/dp/B08HC8QKXM/ref=sr_1_19?keywords=Shopping+_+List&qid=1654450622&sr=8-19
"Diarymart To Do List Notepad Notes Tear-Off Pad, Memo Pad for Shopping Lists, Reminders, Appointments Set of 4 Writing Pads (D306)",₹199,,,http://www.amazon.in/Diarymart-Tear-Off-Shopping-Reminders-Appointments/dp/B0B1B5XJBQ/ref=sr_1_20?keywords=Shopping+_+List&qid=1654450622&sr=8-20
COI Doodling Note Pad to do List Bucket List for Husband & Wife Pack of 2,₹199,4.0 out of 5 stars,88,http://www.amazon.in/gp/slredirect/picassoRedirect.html/ref=pa_sp_btf_aps_sr_pg1_1?ie=UTF8&adId=A10098872JSIGV04JBO2A&url=%2FCOI-Doodling-Note-Bucket-Husband%2Fdp%2FB08RC3QFLC%2Fref%3Dsr_1_21_sspa%3Fkeywords%3DShopping%2B_%2BList%26qid%3D1654450622%26sr%3D8-21-spons%26psc%3D1&qualifier=1654450622&id=2211822321048851&widgetName=sp_btf
"GRYPHUS By SS Creation DESIGNER WISH LIST NOTEPAD, TO DO’S, TO BUY, PRIORITIES MEMO PAD FOR SHOPPING LISTS AND DAILY APPONTMENTS, 5.5*8.5*, 50 SHEETS EACH, EASY TEAR OFF, GIFT FOR ALL, MADE IN INDIA( SET OF 2 PADS)",₹199,2.0 out of 5 stars,2,http://www.amazon.in/gp/slredirect/picassoRedirect.html/ref=pa_sp_btf_aps_sr_pg1_1?ie=UTF8&adId=A07328032HS57HXOF3M3V&url=%2FGRYPHUS-DESIGNER-PRIORITIES-SHOPPING-APPONTMENTS%2Fdp%2FB08K4YMYXG%2Fref%3Dsr_1_22_sspa%3Fkeywords%3DShopping%2B_%2BList%26qid%3D1654450622%26sr%3D8-22-spons%26psc%3D1&qualifier=1654450622&id=2211822321048851&widgetName=sp_btf
Description,Price,Rating,ReviewCount,Url
Encyclopedia of Space ( Set of 8 Books) (Encyclopedias),"₹1,148",4.5 out of 5 stars,by ,http://www.amazon.in/Encyclopedia-Space-Set-Books-Encyclopedias/dp/9353762839/ref=sr_1_1?keywords=Vepetabies%3A&qid=1654450698&sr=8-1
Description,Price,Rating,ReviewCount,Url
designarto Printed Mobile Back Cover for Vivo U20; U2014,₹999,,,http://www.amazon.in/designarto-Printed-Mobile-Cover-U2014/dp/B09KB4LGDX/ref=sr_1_fkmr0_1?keywords=%E2%80%94+cabbape&qid=1654450774&sr=8-1-fkmr0
U&i FIRE Series UiNB-4752 Wireless Bluetooth In Ear Headphone with Mic (Black),₹749,3.9 out of 5 stars,17,http://www.amazon.in/Playback-Wireless-Bluetooth-Headphone-UiNB-4752/dp/B08TC1F4GX/ref=sr_1_fkmr0_2?keywords=%E2%80%94+cabbape&qid=1654450774&sr=8-2-fkmr0
Description,Price,Rating,ReviewCount,Url
FARM SEEDS Hybrid Carrot RED 1 packet seeds Seed (10000 per packet),₹129,3.1 out of 5 stars,98,http://www.amazon.in/gp/slredirect/picassoRedirect.html/ref=pa_sp_atf_aps_sr_pg1_1?ie=UTF8&adId=A00048581C316BZHIRSOX&url=%2FSEEDS-Hybrid-Carrot-packet-seeds%2Fdp%2FB073W7F7PY%2Fref%3Dsr_1_1_sspa%3Fkeywords%3D%25E2%2580%2594%2Bcarrots%26qid%3D1654450834%26sr%3D8-1-spons%26psc%3D1&qualifier=1654450834&id=3870325034743990&widgetName=sp_atf
"UGAOO Improved Carrot Nantes Vegetable Seeds (Red, Pack of 2g)",₹99,4.5 out of 5 stars,2,http://www.amazon.in/gp/slredirect/picassoRedirect.html/ref=pa_sp_atf_aps_sr_pg1_1?ie=UTF8&adId=A08868882VM4GLFFCT890&url=%2FUGAOO-Improved-Carrot-Nantes-Vegetable%2Fdp%2FB09MLPPL28%2Fref%3Dsr_1_2_sspa%3Fkeywords%3D%25E2%2580%2594%2Bcarrots%26qid%3D1654450834%26sr%3D8-2-spons%26psc%3D1&qualifier=1654450834&id=3870325034743990&widgetName=sp_atf
"Fresh Carrot, Orange, 500g",₹20,,,http://www.amazon.in/Fresh-Carrot-Orange-500g-Pack/dp/B07BG5GN6V/ref=sr_1_3_f3_0o_fs?almBrandId=ctnow&fpw=alm&keywords=%E2%80%94+carrots&qid=1654450834&sr=8-3
"Biotique Carrot Seed Anti- Ageing After- Bath Body Oil, 120ml",₹99,4.2 out of 5 stars,"3,047",http://www.amazon.in/Biotique-Carrot-Anti-Aging-After-Bath-120ml/dp/B00AT02QSA/ref=sr_1_4?keywords=%E2%80%94+carrots&qid=1654450834&sr=8-4
"NEUD Carrot Seed Premium Skin Repair Cream for Men & Women, 50 g",₹640,4.2 out of 5 stars,13,http://www.amazon.in/NEUD-Carrot-Premium-Repair-Cream/dp/B09GRP2F2P/ref=sr_1_5?keywords=%E2%80%94+carrots&qid=1654450834&sr=8-5
"Jer High Carrot Stix Dog Treats, 100g (Pack of 2)",₹423,4.6 out of 5 stars,162,http://www.amazon.in/Jer-High-Carrot-Stix-Treats/dp/B00Q8GERX6/ref=sr_1_6?keywords=%E2%80%94+carrots&qid=1654450834&sr=8-6
"Jerhigh Carrot Stix Dog Treats, 70 g (Pack of 3)",₹493,4.5 out of 5 stars,100,http://www.amazon.in/Jerhigh-Carrot-Stix-Treats-Pack/dp/B00Q8GEOH0/ref=sr_1_7?keywords=%E2%80%94+carrots&qid=1654450834&sr=8-7
"Leafy Tales Carrot Seeds for Kitchen Gardening, 200 seeds",₹75,2.8 out of 5 stars,207,http://www.amazon.in/Leafy-Tales-Carrot-Kitchen-Gardening/dp/B09BZ1V65R/ref=sr_1_8?keywords=%E2%80%94+carrots&qid=1654450834&sr=8-8
"Biotique Sun Shield Carrot 40+ SPF UVB PA+++ UVA Sunscreen Ultra Protective Body Lotion, 190ml",₹315,4.3 out of 5 stars,736,http://www.amazon.in/Biotique-Carrot-Lotion-Sunscreen-Types/dp/B00CTIDJ86/ref=sr_1_9?keywords=%E2%80%94+carrots&qid=1654450834&sr=8-9
"NEUD Carrot Seed Premium Hair Oil for Men & Women - 300 ml, Natural Carrot, Pack of 1",₹389.50,4.1 out of 5 stars,27,http://www.amazon.in/NEUD-Carrot-Seed-Premium-Women/dp/B09G9PR58R/ref=sr_1_10?keywords=%E2%80%94+carrots&qid=1654450834&sr=8-10
"Jioo Organics Edible Raddish Seed, Pack of 100 g (Standard)",₹255,3.7 out of 5 stars,98,http://www.amazon.in/gp/slredirect/picassoRedirect.html/ref=pa_sp_mtf_aps_sr_pg1_1?ie=UTF8&adId=A03827891C2KFOLJKH6IG&url=%2FJioo-Organics-Edible-Raddish-Seed_Pack%2Fdp%2FB077HZCSKX%2Fref%3Dsr_1_11_sspa%3Fkeywords%3D%25E2%2580%2594%2Bcarrots%26qid%3D1654450834%26sr%3D8-11-spons%26psc%3D1%26smid%3DA2NJ4X5T8WUMKY&qualifier=1654450834&id=3870325034743990&widgetName=sp_mtf
Jioo Organics Dried Cucumber Seeds for Eating | Planting | Home | Gardening | Sun Dried | Kakdi Magaz Ke Beej | Pack of 100 Gm,₹190,4.2 out of 5 stars,57,http://www.amazon.in/gp/slredirect/picassoRedirect.html/ref=pa_sp_mtf_aps_sr_pg1_1?ie=UTF8&adId=A06442483KBNZZEWG5Q2A&url=%2FJioo-Organics-Dried-Cucumber-Magaz_Pack%2Fdp%2FB077HVHJFR%2Fref%3Dsr_1_12_sspa%3Fkeywords%3D%25E2%2580%2594%2Bcarrots%26qid%3D1654450834%26sr%3D8-12-spons%26psc%3D1&qualifier=1654450834&id=3870325034743990&widgetName=sp_mtf
"Good Vibes 100% Pure Carrot Seed Essential Oil - 10 ml - Reduces Wrinkles, Moisturises Scalp and with Anti-fungal Properties - Cruelty Free",₹289,3.6 out of 5 stars,48,http://www.amazon.in/Good-Vibes-100-Carrot-Essential/dp/B08CSWP8QT/ref=sr_1_13?keywords=%E2%80%94+carrots&qid=1654450834&sr=8-13
Jioo Organics Edible Carrot Seeds Gajar K Beej Vegetable Seed For Eating Skin Health Immunity Benefits Pack of 1 (100 Gram),₹254,3.9 out of 5 stars,192,http://www.amazon.in/Jioo-Organics-Edible-Carrot-Seed/dp/B077HY8935/ref=sr_1_14?keywords=%E2%80%94+carrots&qid=1654450834&sr=8-14
"Nestlé CERELAC Fortified Baby Cereal with Milk, Wheat Apple Carrot – From 6 Months, 300g BIB Pack",₹220,4.4 out of 5 stars,"10,971",http://www.amazon.in/CERELAC-Wheat-Apple-Carrot-300/dp/B07CDZFW22/ref=sr_1_15?keywords=%E2%80%94+carrots&qid=1654450834&sr=8-15
Camcall Premium Fresh Organic ooty Carrot-400 gm Directly from ooty Udhagamandalam farmers,₹119,,,http://www.amazon.in/Camcall-Premium-Carrot-400-Directly-Udhagamandalam/dp/B09NTNFBTW/ref=sr_1_16?keywords=%E2%80%94+carrots&qid=1654450834&sr=8-16
Add me Home Made Carrot Pickles Gajar ka Khatta Achar 500Gm Glass jar,₹229,3.8 out of 5 stars,159,http://www.amazon.in/Add-Carrot-Pickles-Gajar-Khatta/dp/B07TWF25JS/ref=sr_1_17?keywords=%E2%80%94+carrots&qid=1654450834&sr=8-17
"Add me Home Made Sweet Mixed Pickle of Gobhi Gajar Shalgam Achar 600 gm Punjabi Mixed Pickles of Carrot, Turnip & Cauliflower with Garlic and Onion",₹275,3.6 out of 5 stars,499,http://www.amazon.in/Add-Shalgam-Punjabi-Pickle-Cauliflower/dp/B07TWBF81L/ref=sr_1_18?keywords=%E2%80%94+carrots&qid=1654450834&sr=8-18
"Stainless Steel Multi-Functional 6 Sided Ginger Cheese Cabbage Carrot Onion Potato Slicer Chopper Shredder Grater, Metallic",₹398,4.0 out of 5 stars,10,http://www.amazon.in/Stainless-Multi-Functional-Cabbage-Shredder-Metallic/dp/B09BBNGHWG/ref=sr_1_19?keywords=%E2%80%94+carrots&qid=1654450834&sr=8-19
"JerHigh Chicken Carrot Stick Dog Treats, 70 GMS (Pack of 6 (70gms x 6))",₹928,4.6 out of 5 stars,26,http://www.amazon.in/JerHigh-Chicken-Carrot-Stick-Treats/dp/B08K7M8SQT/ref=sr_1_20?keywords=%E2%80%94+carrots&qid=1654450834&sr=8-20
Kraft Seeds! Summer Vegetable Seeds @ Cucumber F-1 Hybrid – 1gm to grow in Your Home & kitchen garden on this summer,₹75,3.0 out of 5 stars,"2,139",http://www.amazon.in/gp/slredirect/picassoRedirect.html/ref=pa_sp_btf_aps_sr_pg1_1?ie=UTF8&adId=A03008623LBO1IE80WA45&url=%2FKraft-Seeds-Summer-Vegetable-Cucumber%2Fdp%2FB082L2M31Y%2Fref%3Dsr_1_21_sspa%3Fkeywords%3D%25E2%2580%2594%2Bcarrots%26qid%3D1654450834%26sr%3D8-21-spons%26psc%3D1&qualifier=1654450834&id=3870325034743990&widgetName=sp_btf
Urban Gardens Rare Mixed Rain Lily Bulbs Mix Zephyranthus Rain Lilies or Fairy Lilies - Rain Lily Flower Bulbs - 5 Bulbs,₹79,3.8 out of 5 stars,782,http://www.amazon.in/gp/slredirect/picassoRedirect.html/ref=pa_sp_btf_aps_sr_pg1_1?ie=UTF8&adId=A0288166GXA9ZZ53MQOO&url=%2FUrban-Gardens-Mixed-Zephyranthus-Pieces%2Fdp%2FB0778DX6J5%2Fref%3Dsr_1_22_sspa%3Fkeywords%3D%25E2%2580%2594%2Bcarrots%26qid%3D1654450834%26sr%3D8-22-spons%26psc%3D1&qualifier=1654450834&id=3870325034743990&widgetName=sp_btf
Description,Price,Rating,ReviewCount,Url
TNW-The Natural Wash Onion Hair Oil for Strong & Healthy Hair With Black Seed Oil Extracts Suitable for All Hair Types | Onion Oil Prevents Hair Fall - No Mineral Oil & Synthetic Fragrance - 100 ml,₹231.50,4.0 out of 5 stars,777,http://www.amazon.in/gp/slredirect/picassoRedirect.html/ref=pa_sp_atf_aps_sr_pg1_1?ie=UTF8&adId=A0964257UA7A8TBLCFLL&url=%2FTNW-Natural-Extracts-Suitable-Prevents%2Fdp%2FB097Y4FY4K%2Fref%3Dsr_1_1_sspa%3Fkeywords%3D%25E2%2580%2594%2Bonion%26qid%3D1654450890%26smid%3DA2T5YC9GMMHQ0T%26sr%3D8-1-spons%26psc%3D1&qualifier=1654450890&id=4727857358466491&widgetName=sp_atf
"Parachute Advansed Onion Hair Oil |Hair Growth Oil| Reduces hairfall | With Natural Coconut Oil, Onion Extracts, Vitamin E|200ml",₹259,4.2 out of 5 stars,"2,955",http://www.amazon.in/gp/slredirect/picassoRedirect.html/ref=pa_sp_atf_aps_sr_pg1_1?ie=UTF8&adId=A1003299JMWF54KFT6QX&url=%2FParachute-Advansed-Reduces-hairfall-Extracts%2Fdp%2FB09J5C7J7L%2Fref%3Dsr_1_2_sspa%3Fkeywords%3D%25E2%2580%2594%2Bonion%26qid%3D1654450890%26sr%3D8-2-spons%26psc%3D1&qualifier=1654450890&id=4727857358466491&widgetName=sp_atf
"Mars By GHC Hair Growth Oil (200ml) With Onion, Bhringraj, Tea Tree, Brahmi & Jojoba Oil For Healthy Hair Growth, Anti-dandruff, Control Hair Fall",₹499,3.8 out of 5 stars,605,http://www.amazon.in/gp/slredirect/picassoRedirect.html/ref=pa_sp_atf_aps_sr_pg1_1?ie=UTF8&adId=A09564673MNGW8S5EBIRQ&url=%2FGHC-Bhringraj-Healthy-Anti-dandruff-Control%2Fdp%2FB09471QB6Z%2Fref%3Dsr_1_3_sspa%3Fkeywords%3D%25E2%2580%2594%2Bonion%26qid%3D1654450890%26sr%3D8-3-spons%26psc%3D1%26smid%3DA39MSXQBXQXT32&qualifier=1654450890&id=4727857358466491&widgetName=sp_atf
Organic Harvest Red Onion Shampoo For Hair Fall Control & Hair Growth | Suitable for All Type Hair | Sulphates & Parabens Free | Anti Hairfall Shampoo For Men & Women 500ml,₹699,3.8 out of 5 stars,174,http://www.amazon.in/gp/slredirect/picassoRedirect.html/ref=pa_sp_atf_aps_sr_pg1_1?ie=UTF8&adId=A08153453T5X9SWXY43NH&url=%2FOrganic-Harvest-Suitable-Sulphates-Parabens%2Fdp%2FB09LVMC34W%2Fref%3Dsr_1_4_sspa%3Fkeywords%3D%25E2%2580%2594%2Bonion%26qid%3D1654450890%26sr%3D8-4-spons%26psc%3D1&qualifier=1654450890&id=4727857358466491&widgetName=sp_atf
"Fresh Spring Onion, 100g",₹15,,,http://www.amazon.in/Fresh-Onion-Spring-100g-Pack/dp/B07BG529JS/ref=sr_1_5_f3_0o_fs?almBrandId=ctnow&fpw=alm&keywords=%E2%80%94+onion&qid=1654450890&sr=8-5
"Fresh Onion - Sambar, 500 g",₹24,,,http://www.amazon.in/Fresh-Onion-Sambar-500-g/dp/B07L89C2X2/ref=sr_1_6_f3_0o_fs?almBrandId=ctnow&fpw=alm&keywords=%E2%80%94+onion&qid=1654450890&sr=8-6
Mamaearth Onion Hair Oil for Hair Growth & Hair Fall Control with Redensyl 150ml,₹366,4.0 out of 5 stars,"30,036",http://www.amazon.in/Mamaearth-Onion-Growth-Control-Redensyl/dp/B07W7CTLD1/ref=sr_1_7?keywords=%E2%80%94+onion&qid=1654450890&smid=A61C6NUFGVGS7&sr=8-7
WOW Skin Science Onion Hair Oil for Hair Growth and Hair Fall Control - With Black Seed Oil Extracts - 200 ml,₹374,4.0 out of 5 stars,"39,476",http://www.amazon.in/WOW-Onion-Black-Seed-Hair/dp/B07NDR2J4K/ref=sr_1_8?keywords=%E2%80%94+onion&qid=1654450890&smid=A2WK4OB3ROODF0&sr=8-8
WOW Skin Science Onion Hair Oil for Hair Growth and Hair Fall Control - With Black Seed Oil Extracts - with COMB APPLICATOR - 200 ml,₹389,4.1 out of 5 stars,"3,253",http://www.amazon.in/WOW-Skin-Science-Onion-Black/dp/B08B2N5JNS/ref=sr_1_9?keywords=%E2%80%94+onion&qid=1654450890&smid=A2WK4OB3ROODF0&sr=8-9
"Mamaearth Onion Hair Fall Shampoo for Hair Growth & Hair Fall Control, with Onion Oil & Plant Keratin 250ml",₹320,3.9 out of 5 stars,"28,244",http://www.amazon.in/Mamaearth-Shampoo-Growth-Control-Keratin/dp/B07WHJ5X6Q/ref=sr_1_10?keywords=%E2%80%94+onion&qid=1654450890&smid=A61C6NUFGVGS7&sr=8-10
"Luxura Sciences Onion Hair Oil 250 ML with 14 Essential Oils, Multi-Purpose Hair Growth Oil/Serum For Complete Hair Treatment with Argan, Bhringraj, Hibiscus, Sesame,Amla,Sweet Almond, Olive and more.",₹375,4.3 out of 5 stars,758,http://www.amazon.in/Luxura-Sciences-Essential-Multi-Purpose-Treatment/dp/B07GTJXVSV/ref=sr_1_11?keywords=%E2%80%94+onion&qid=1654450890&sr=8-11
Mamaearth Anti Hair Fall Express Spa Range with Onion Hair Oil + Onion Shampoo for Hair Fall Control 250ml,₹560,4.0 out of 5 stars,"9,613",http://www.amazon.in/Mamaearth-Express-Range-Shampoo-Control/dp/B0842VBLDJ/ref=sr_1_12?keywords=%E2%80%94+onion&qid=1654450890&smid=A61C6NUFGVGS7&sr=8-12
Mamaearth Onion Shampoo for Hair Growth & Hair Fall Control with Onion Oil & Plant Keratin 400ml,₹423,4.1 out of 5 stars,"4,418",http://www.amazon.in/Mamaearth-Shampoo-Growth-Control-Keratin/dp/B0828PRFKP/ref=sr_1_13?keywords=%E2%80%94+onion&qid=1654450890&smid=A61C6NUFGVGS7&sr=8-13
TNW-The Natural Wash Onion Hair Oil for Strong & Healthy Hair With Black Seed Oil Extracts Suitable for All Hair Types | Onion Oil Prevents Hair Fall - No Mineral Oil & Synthetic Fragrance - 100 ml,₹231.50,4.0 out of 5 stars,777,http://www.amazon.in/TNW-Natural-Extracts-Suitable-Prevents/dp/B097Y4FY4K/ref=sr_1_14?keywords=%E2%80%94+onion&qid=1654450890&smid=A2T5YC9GMMHQ0T&sr=8-14
"WOW Skin Science Onion Black Seed Hair Oil - WITH COMB APPLICATOR - Controls Hair Fall - NO Mineral Oil, Silicones, Cooking Oil & Synthetic Fragrance - 100mL",₹289,4.0 out of 5 stars,"9,488",http://www.amazon.in/WOW-Skin-Science-Onion-Black/dp/B08B2RMD3V/ref=sr_1_15?keywords=%E2%80%94+onion&qid=1654450890&smid=A2WK4OB3ROODF0&sr=8-15
"Beardo Onion Oil Concentrate for Hair growth, beard Growth and Hair Fall Control (25 ml) | Natural | Non-sticky, Non-greasy | Controls Hairfall, Promotes Hair Growth",₹299,4.0 out of 5 stars,"1,580",http://www.amazon.in/Beardo-Onion-Concentrate-Growth-Control/dp/B08665CTBS/ref=sr_1_16?keywords=%E2%80%94+onion&qid=1654450890&sr=8-16
Bajaj Coco Onion Hair Oil- Non Sticky hair oil for 2X Faster Hair Growth* -350ml,₹185,4.4 out of 5 stars,12,http://www.amazon.in/Bajaj-Sticky-Faster-Growth-350ml/dp/B09V2ZR7RY/ref=sr_1_17?keywords=%E2%80%94+onion&qid=1654450890&sr=8-17
WOW Skin Science Onion Hair Oil for Hair Growth and Hair Fall Control - With Black Seed Oil Extracts - With COMB Applicator - 50 ml,₹174,3.9 out of 5 stars,415,http://www.amazon.in/WOW-APPLICATOR-Silicones-Synthetic-millilitre/dp/B08RP3Z9ZS/ref=sr_1_18?keywords=%E2%80%94+onion&qid=1654450890&smid=A2WK4OB3ROODF0&sr=8-18
"Parachute Advansed Onion Hair Oil |Hair Growth Oil| Reduces hairfall | With Natural Coconut Oil, Onion Extracts, Vitamin E|200ml",₹259,4.2 out of 5 stars,"2,955",http://www.amazon.in/Parachute-Advansed-Reduces-hairfall-Extracts/dp/B09J5C7J7L/ref=sr_1_19?keywords=%E2%80%94+onion&qid=1654450890&sr=8-19
Kesh king Ayurvedic Onion Oil 200ml,₹300,4.0 out of 5 stars,489,http://www.amazon.in/Kesh-king-Ayurvedic-Onion-200ml/dp/B08KDXJ3CN/ref=sr_1_20?keywords=%E2%80%94+onion&qid=1654450890&sr=8-20
Organic Harvest Onion Hair Oil | Hair Growth Oil | Reduces hairfall | Control Hair Loss | With Onion Extracts & Combination of Organic Oils - 150ml,₹392,4.0 out of 5 stars,50,http://www.amazon.in/gp/slredirect/picassoRedirect.html/ref=pa_sp_mtf_aps_sr_pg1_1?ie=UTF8&adId=A05017532ZSOXWFCZ59I5&url=%2FOrganic-Harvest-hairfall-Extracts-Combination%2Fdp%2FB09DQ5SFDQ%2Fref%3Dsr_1_21_sspa%3Fkeywords%3D%25E2%2580%2594%2Bonion%26qid%3D1654450890%26sr%3D8-21-spons%26psc%3D1&qualifier=1654450890&id=4727857358466491&widgetName=sp_mtf
"Derma Essentia Anti Acne Gel for Acne | Acne scars | Oily/Acne Prone Skin | with Salicylic acid(0.5%w/w), Red onion extract & Centella Asiatica | Dermatologically Tested | Anti Seborrhoeic & Anti Microbial | 30g",₹554,4.7 out of 5 stars,5,http://www.amazon.in/gp/slredirect/picassoRedirect.html/ref=pa_sp_mtf_aps_sr_pg1_1?ie=UTF8&adId=A0174303350JW2AATZFXX&url=%2FDerma-Essentia-Salicylic-Dermatologically-Seborrhoeic%2Fdp%2FB094ZW3KMJ%2Fref%3Dsr_1_22_sspa%3Fkeywords%3D%25E2%2580%2594%2Bonion%26qid%3D1654450890%26sr%3D8-22-spons%26psc%3D1%26smid%3DA2KWVXGVOYB513&qualifier=1654450890&id=4727857358466491&widgetName=sp_mtf
"Just Herbs Anti Hairfall Natural Hair Mask with Castor & Black Onion Seed for Dandruff, Boost Hair Growth & Hair Spa - Suitable for Color Treated & All hair Types - 200gm",₹595,,,http://www.amazon.in/gp/slredirect/picassoRedirect.html/ref=pa_sp_mtf_aps_sr_pg1_1?ie=UTF8&adId=A0620252DLSSXOX1QXUR&url=%2FJust-Herbs-Hairfall-Natural-Dandruff%2Fdp%2FB0B129GKGW%2Fref%3Dsr_1_23_sspa%3Fkeywords%3D%25E2%2580%2594%2Bonion%26qid%3D1654450890%26sr%3D8-23-spons%26psc%3D1&qualifier=1654450890&id=4727857358466491&widgetName=sp_mtf
Organic Harvest Red Onion Conditioner For Hair Fall Control & Hair Growth | Suitable for All Type Hair | Sulphates & Parabens Free | Anti Hairfall Conditioner For Men & Women 500ml,₹636,5.0 out of 5 stars,1,http://www.amazon.in/gp/slredirect/picassoRedirect.html/ref=pa_sp_mtf_aps_sr_pg1_1?ie=UTF8&adId=A08764882GT702NHUQH49&url=%2FOrganic-Harvest-Conditioner-Suitable-Sulphates%2Fdp%2FB09LY5PZM5%2Fref%3Dsr_1_24_sspa%3Fkeywords%3D%25E2%2580%2594%2Bonion%26qid%3D1654450890%26sr%3D8-24-spons%26psc%3D1&qualifier=1654450890&id=4727857358466491&widgetName=sp_mtf
Organo Gold Natural Red Onion shampoo for hair strengthening & hairfall control - Paraben & Sulphate free 200gm,₹299,3.8 out of 5 stars,"1,341",http://www.amazon.in/Organo-Gold-Natural-strengthening-hairfall/dp/B081S6M8XQ/ref=sr_1_25?keywords=%E2%80%94+onion&qid=1654450890&smid=A271YPXZ6EMNH5&sr=8-25
Mamaearth's Onion Hair Mask for Hairfall Control with Organic Bamboo Vinegar 200gm,₹538,4.0 out of 5 stars,"6,583",http://www.amazon.in/Mamaearths-Hairfall-Control-Organic-Vinegar/dp/B07RXKVVRD/ref=sr_1_26?keywords=%E2%80%94+onion&qid=1654450890&smid=A61C6NUFGVGS7&sr=8-26
"Biotique Onion Black Seed Hair Oil for Silky and Strong Hair, 200ml | Controls Hair Fall, Promotes Growth",₹234,4.0 out of 5 stars,784,http://www.amazon.in/Biotique-Onion-Black-Silky-Strong/dp/B08JR3V8JK/ref=sr_1_27?keywords=%E2%80%94+onion&qid=1654450890&sr=8-27
Mamaearth Onion Conditioner for Hair Growth & Hair Fall Control with Coconut Oil 250ml,₹313,4.0 out of 5 stars,"3,747",http://www.amazon.in/Mamaearth-Conditioner-Growth-Control-Coconut/dp/B07WFH21BG/ref=sr_1_28?keywords=%E2%80%94+onion&qid=1654450890&smid=A61C6NUFGVGS7&sr=8-28
"Luxura Sciences Onion Hair Oil For Hair Growth 500 ML(250ML*2) with 14 Essential Oils,Hair Growth Oil/Serum with Argan Oil, Bhringraj, Hibiscus, Sesame,Amla,Sweet Almond, Olive and more.",₹595,3.9 out of 5 stars,28,http://www.amazon.in/Luxura-Sciences-Essential-Bhringraj-Hibiscus/dp/B088SF77RD/ref=sr_1_29?keywords=%E2%80%94+onion&qid=1654450890&sr=8-29
Mamaearth Onion Anti Hairfall Combo (Shampoo and Conditioner)- 250 ml each,₹523,4.0 out of 5 stars,"8,072",http://www.amazon.in/Mamaearth-Onion-Hairfall-Shampoo-Conditioner/dp/B07YHG4JFQ/ref=sr_1_30?keywords=%E2%80%94+onion&qid=1654450890&smid=A61C6NUFGVGS7&sr=8-30
"Zilli's Red Onion Powder, Ginger Powder (Adrak /Sunth) & Garlic Powder (100g x 3 = 300g) - for Cooking & Baking, Everyday Use Natural Powder, Vegan, Gluten Free, No Preservatives - [Essential Combo Pack]",₹218.50,4.0 out of 5 stars,92,http://www.amazon.in/Zillis-Onion-Powder-Ginger-Garlic/dp/B09KBC5STS/ref=sr_1_31?keywords=%E2%80%94+onion&qid=1654450890&sr=8-31
WOW Skin Science Onion Hair Oil With Black Seed Oil Extracts + Onion Oil Shampoo Hair Care Kit - Net Vol 500mL,"₹1,098",3.9 out of 5 stars,169,http://www.amazon.in/WOW-Skin-Science-Extracts-Shampoo/dp/B09C8DC2KM/ref=sr_1_32?keywords=%E2%80%94+onion&qid=1654450890&sr=8-32
Mamaearth Onion Hair Oil Booster for Men with Onion and Redensyl for Hair Fall Control- 30 ml,₹313,4.7 out of 5 stars,28,http://www.amazon.in/Mamaearth-Onion-Booster-Redensyl-Control/dp/B09XTR38QG/ref=sr_1_33?keywords=%E2%80%94+onion&qid=1654450890&smid=A61C6NUFGVGS7&sr=8-33
"Mamaearth Onion Hair Serum For Silky & Smooth Hair, Tames Frizzy Hair, with Onion & Biotin for Strong, Tangle Free & Frizz-Free Hair - 100 ml",₹268,3.9 out of 5 stars,"6,141",http://www.amazon.in/Mamaearth-Smooth-Frizzy-Biotin-Frizz-Free/dp/B0843FMHY9/ref=sr_1_34?keywords=%E2%80%94+onion&qid=1654450890&smid=A61C6NUFGVGS7&sr=8-34
Dunhill Biryani Fried Onion (1 Kg),₹385,4.2 out of 5 stars,328,http://www.amazon.in/Biryani-Fried-Onion-1-Kg/dp/B07CVG6TMN/ref=sr_1_35?keywords=%E2%80%94+onion&qid=1654450890&sr=8-35
Mamaearth Anti Hair Fall Spa Range: Onion Shampoo 250 ml + Onion Conditioner 250 ml + Onion Hair Oil 150 ml,₹822,3.9 out of 5 stars,"17,871",http://www.amazon.in/Mamaearth-Range-Shampoo-Conditioner-Control/dp/B0822DDXL4/ref=sr_1_36?keywords=%E2%80%94+onion&qid=1654450890&smid=A61C6NUFGVGS7&sr=8-36
WOW Skin Science Onion Hair Oil for Hair Growth and Hair Fall Control - With Black Seed Oil Extracts - 150 ml,₹319.20,4.0 out of 5 stars,172,http://www.amazon.in/WOW-Skin-Science-Growth-Control/dp/B09JP66K8R/ref=sr_1_37?keywords=%E2%80%94+onion&qid=1654450890&smid=A2WK4OB3ROODF0&sr=8-37
"Oriental Botanics Red Onion Hair Oil With Comb Applicator - With 30 Oils & Extracts For Stronger Growth and To Control Hair Fall, 100 ml, 100ml + comb applicator",₹259,4.2 out of 5 stars,100,http://www.amazon.in/Oriental-Botanics-Onion-Hair-Applicator/dp/B08PZ9FK92/ref=sr_1_38?keywords=%E2%80%94+onion&qid=1654450890&sr=8-38
Mamaearth Onion Shampoo Pack of 2 - 400ml,₹748,4.3 out of 5 stars,306,http://www.amazon.in/Mamaearth-Onion-Shampoo-Pack-400ml/dp/B0963SMD1P/ref=sr_1_39?keywords=%E2%80%94+onion&qid=1654450890&smid=A61C6NUFGVGS7&sr=8-39
Mamaearth Onion Shampoo - 250ml + Onion Shampoo - 400ml,₹635,4.1 out of 5 stars,356,http://www.amazon.in/Mamaearth-Onion-Shampoo-250ml-400ml/dp/B0963TB5QF/ref=sr_1_40?keywords=%E2%80%94+onion&qid=1654450890&smid=A61C6NUFGVGS7&sr=8-40
"Kesh King Ayurvedic Onion Shampoo with 21 Herbs, Reduces Hairfall & Boost Hair Growth, 300ml",₹274,4.1 out of 5 stars,617,http://www.amazon.in/Kesh-King-Medicine-Ayurvedic-Hairfall/dp/B08KF14V9K/ref=sr_1_41?keywords=%E2%80%94+onion&qid=1654450890&sr=8-41
Mamaearth Onion Conditioner for Hair Growth & Hair Fall Control with Coconut Oil 400ml,₹474,4.2 out of 5 stars,392,http://www.amazon.in/Mamaearth-Conditioner-Growth-Control-Coconut/dp/B0828NP2KQ/ref=sr_1_42?keywords=%E2%80%94+onion&qid=1654450890&smid=A61C6NUFGVGS7&sr=8-42
"Veeba Sweet Onion Sauce, 350g",₹148,4.4 out of 5 stars,748,http://www.amazon.in/Veeba-Sweet-Onion-Sauce-350g/dp/B01G9RGL1Y/ref=sr_1_43?keywords=%E2%80%94+onion&qid=1654450890&sr=8-43
"Vasukie New 2 in 1 Handy Chopper with 3 Blades Tough Maker Mini Handy Chopper Vegetable Cutter Quick Chopper Onion Chopper Pull Chopper Hand Grinder Mixer Food Processor(550-ML,Multicolor)",₹279,3.9 out of 5 stars,90,http://www.amazon.in/Vasukie-Chopper-Vegetable-Grinder-Processor/dp/B08GG6MX7H/ref=sr_1_44?keywords=%E2%80%94+onion&qid=1654450890&sr=8-44
Keya Combo Pack of Garlic Powder (55 gm) and Onion Powder (50 gm),₹198,4.0 out of 5 stars,2,http://www.amazon.in/Keya-Combo-Garlic-Powder-Onion/dp/B09X7C63YV/ref=sr_1_45?keywords=%E2%80%94+onion&qid=1654450890&sr=8-45
"Suhana No Onion No Garlic Pack Combo of 5 (Paneer Tikka, Mutter Paneer, Paneer Butter, Mutter Methi Malai, Paneer Makhanwala)",₹199,4.4 out of 5 stars,86,http://www.amazon.in/Suhana-Garlic-Paneer-Mutter-Makhanwala/dp/B08KJ7R2CF/ref=sr_1_46?keywords=%E2%80%94+onion&qid=1654450890&sr=8-46
"WOW Skin Science Onion Shampoo for Hair Growth and Hair Fall Control - With Red Onion Seed Oil Extract, Black Seed Oil & Pro-Vitamin B5 - 300 ml",₹319,3.9 out of 5 stars,"24,953",http://www.amazon.in/WOW-Skin-Science-Shampoo-Pro-Vitamin/dp/B07YNHHH5N/ref=sr_1_47?keywords=%E2%80%94+onion&qid=1654450890&smid=A2WK4OB3ROODF0&sr=8-47
Organo Gold 100% natural red Onion Oil for hair growth and skin care with 15 essential oils and ingredients for men and women Paraben SLS & Sulphate free 200ML,₹283,3.5 out of 5 stars,457,http://www.amazon.in/Organo-Gold-essential-ingredients-Sulphate/dp/B0816DV476/ref=sr_1_48?keywords=%E2%80%94+onion&qid=1654450890&smid=A271YPXZ6EMNH5&sr=8-48
"WOW Skin Science Onion Shampoo for Hair Growth and Hair Fall Control - With Red Onion Seed Oil Extract, Black Seed Oil & Pro-Vitamin B5 - 1L",₹549,3.9 out of 5 stars,"4,489",http://www.amazon.in/WOW-Science-Shampoo-Extract-Pro-Vitamin/dp/B08RNQ3MMQ/ref=sr_1_49?keywords=%E2%80%94+onion&qid=1654450890&smid=A2WK4OB3ROODF0&sr=8-49
"Sunsilk Hairfall Shampoo With Onion & Jojoba Oil, That Works Best To Nourish Your Long Hair, And Makes It Grow Stronger From The First Wash, 195 ml",₹150,,,http://www.amazon.in/Sunsilk-Hairfall-Shampoo-Nourish-Stronger/dp/B09V6XMQFS/ref=sr_1_50?keywords=%E2%80%94+onion&qid=1654450890&sr=8-50
"Urban Platter Dehydrated White Onion Powder, 100g",₹99,4.2 out of 5 stars,20,http://www.amazon.in/Urban-Platter-Premium-Quality-Dehydrated/dp/B07N8H8TM6/ref=sr_1_51?keywords=%E2%80%94+onion&qid=1654450890&sr=8-51
"Bella Vita Organic Growth Protein Silkystrong Onion Unisex Hair Oil With Argan, 16 Herbs & Real Coffee Beans Promotes Hair Growth, Anti Fall Control & Greying, 200ml",₹179,4.0 out of 5 stars,824,http://www.amazon.in/Bella-Vita-Organic-Dandruff-Bhringraj/dp/B07D9PK6CX/ref=sr_1_52?keywords=%E2%80%94+onion&qid=1654450890&sr=8-52
"Oriental Botanics Red Onion Hair Oil, With 30 Oils & Extracts, Argan Oil, Castor, Bhringraj, Almond Oil (No Mineral Oil), 200 ml (ORBOT28)",₹519,4.0 out of 5 stars,"1,393",http://www.amazon.in/Oriental-Botanics-Onion-Growth-200ml/dp/B07M9XQPRN/ref=sr_1_53?keywords=%E2%80%94+onion&qid=1654450890&sr=8-53
"we3 Stainless Steel, Plastic Onion Holder Cutter Slicer Vegetable Tools Tomato Cutter, Silver",₹299,3.8 out of 5 stars,142,http://www.amazon.in/we3-Kitchen-Vegetable-Slicing-Eliminator/dp/B07MGLDM7Z/ref=sr_1_54?keywords=%E2%80%94+onion&qid=1654450890&sr=8-54
Shri Ji Stainless Steel 3 Layer Tyre Trolley Multipurpose Storage Shelf Fruits & Vegetable Onion/Potato Storage Basket for Modern Kitchen & Home (Container Organizer/Dish Rack/Basket/Cutlery Stand,₹719,3.3 out of 5 stars,13,http://www.amazon.in/Stainless-Multipurpose-Vegetable-Container-Organizer/dp/B09X49Y6RP/ref=sr_1_55?keywords=%E2%80%94+onion&qid=1654450890&sr=8-55
"Organo Gold Organic Red Onion Hair Treatment Conditioner-200 ml | 18 In 1 Magical Conditioner With Vitamin E, Hibiscus, Amla & Aloe Vera -SLS, Paraben & Chemical Free",₹294,3.8 out of 5 stars,281,http://www.amazon.in/Organo-Gold-Hair-Conditioner-200-Conditioner/dp/B0825TGD5W/ref=sr_1_56?keywords=%E2%80%94+onion&qid=1654450890&smid=A271YPXZ6EMNH5&sr=8-56
"Mars By GHC Beard Growth Oil With Onion Seed Oil, Bhringraj, Jojoba Oil & 17 Other Essential Oils For Men’s Healthy Beard 200ml Pack of 2",₹899,3.6 out of 5 stars,297,http://www.amazon.in/gp/slredirect/picassoRedirect.html/ref=pa_sp_btf_aps_sr_pg1_1?ie=UTF8&adId=A0743627E1KBEIO0TJAQ&url=%2FGHC-Beard-Oil-Bhringraj-Essential%2Fdp%2FB098Q8FT5V%2Fref%3Dsr_1_57_sspa%3Fkeywords%3D%25E2%2580%2594%2Bonion%26qid%3D1654450890%26sr%3D8-57-spons%26psc%3D1&qualifier=1654450890&id=4727857358466491&widgetName=sp_btf
"MyGlamm Superfoods Onion & Moringa Oil for Hair Fall Control & Growth, Also Contains Almond, Bhringraj, Coconut Oil, 100 ml",₹227,4.0 out of 5 stars,23,http://www.amazon.in/gp/slredirect/picassoRedirect.html/ref=pa_sp_btf_aps_sr_pg1_1?ie=UTF8&adId=A08802511Q3WSX6F6BNWK&url=%2FMyGlamm-Superfoods-Moringa-Contains-Bhringraj%2Fdp%2FB097YS7NCP%2Fref%3Dsr_1_59_sspa%3Fkeywords%3D%25E2%2580%2594%2Bonion%26qid%3D1654450890%26sr%3D8-59-spons%26psc%3D1&qualifier=1654450890&id=4727857358466491&widgetName=sp_btf
Kesh king Ayurvedic Onion Oil 200ml,₹300,4.0 out of 5 stars,489,http://www.amazon.in/gp/slredirect/picassoRedirect.html/ref=pa_sp_btf_aps_sr_pg1_1?ie=UTF8&adId=A0551267130HZBV8PETQ8&url=%2FKesh-king-Ayurvedic-Onion-200ml%2Fdp%2FB08KDXJ3CN%2Fref%3Dsr_1_60_sspa%3Fkeywords%3D%25E2%2580%2594%2Bonion%26qid%3D1654450890%26sr%3D8-60-spons%26psc%3D1&qualifier=1654450890&id=4727857358466491&widgetName=sp_btf
Description,Price,Rating,ReviewCount,Url
"Morton Mushroom in Brine, 800g",₹229,3.7 out of 5 stars,783,http://www.amazon.in/gp/slredirect/picassoRedirect.html/ref=pa_sp_atf_aps_sr_pg1_1?ie=UTF8&adId=A00374013QWXBZE8RZQAP&url=%2FBirla-Morton-Mushroom-Brine-800g%2Fdp%2FB01BK7OXK4%2Fref%3Dsr_1_1_sspa%3Fkeywords%3Din%2Btomatoes%26qid%3D1654450940%26sr%3D8-1-spons%26psc%3D1&qualifier=1654450940&id=7335535161423488&widgetName=sp_atf
"Antico Casale Sundried Tomatoes in Sunflower Oil, 285g",₹323,4.0 out of 5 stars,132,http://www.amazon.in/Antico-Casale-Sundried-Tomatoes-Sunflower/dp/B079KB8VKW/ref=sr_1_2?keywords=in+tomatoes&qid=1654450940&sr=8-2
"Fresh Tomato - Local, 1kg",₹76,,,http://www.amazon.in/Fresh-Tomato-Hybrid-1kg-Pack/dp/B07BG6QWJK/ref=sr_1_3_f3_0o_fs?almBrandId=ctnow&fpw=alm&keywords=in+tomatoes&qid=1654450940&sr=8-3
Sattvic Foods Sun-Dried Tomatoes in Extra Virgin Olive Oil (Large Size) (300 g),₹300,3.8 out of 5 stars,33,http://www.amazon.in/Sattvic-Foods-Sun-Dried-Tomatoes-Virgin/dp/B09DPMNG3D/ref=sr_1_4?keywords=in+tomatoes&qid=1654450940&sr=8-4
Oceans Secret Seahath's Sardines in Tomato Sauce ( 425 g | Pack of 4),₹345,3.3 out of 5 stars,198,http://www.amazon.in/Seahaths-Sardines-Tomato-Sauce-Pack/dp/B085B1KW4R/ref=sr_1_5?keywords=in+tomatoes&qid=1654450940&sr=8-5
"HEINZ Beanz in Tomato Sauce, Baked, 415 g, Pack of 2",₹289,3.9 out of 5 stars,10,http://www.amazon.in/Heinz-Beanz-Rich-Tomato-Sauce/dp/B08HLYPSTS/ref=sr_1_6?keywords=in+tomatoes&qid=1654450940&sr=8-6
"Figaro Sundried Tomatoes In Olive Oil, 7.05 oz / 200 g",₹300,4.3 out of 5 stars,39,http://www.amazon.in/Figaro-Sundried-Tomato-Olive-200g/dp/B00ZP5VDMY/ref=sr_1_7?keywords=in+tomatoes&qid=1654450940&sr=8-7
"Urban Platter Heat & Eat Ethiopian Baked Beans in Tomato Sauce, 415g",₹100,3.9 out of 5 stars,29,http://www.amazon.in/Urban-Platter-Ethiopian-Baked-Tomato/dp/B08MV2C1HC/ref=sr_1_8?keywords=in+tomatoes&qid=1654450940&sr=8-8
"Heinz Baked Beans in Rich Tomato Sauce (Pack of 3), 415g",₹345,4.5 out of 5 stars,114,http://www.amazon.in/Heinz-Baked-Beans-Tomato-Sauce/dp/B07YC9ZYFP/ref=sr_1_9?keywords=in+tomatoes&qid=1654450940&sr=8-9
Neo Mixed Jalapenos Hot & Sweet 210g I 100% Vegan I Ready-to-Eat Fibre-Rich Topping for Snacks and Salads I Non-GMO (Pack of 1),₹168,3.7 out of 5 stars,16,http://www.amazon.in/gp/slredirect/picassoRedirect.html/ref=pa_sp_mtf_aps_sr_pg1_1?ie=UTF8&adId=A05679773O7019DOAIIMI&url=%2FNeo-Foods-Mixed-Jalapeno-Sweet%2Fdp%2FB08MTKP64M%2Fref%3Dsr_1_10_sspa%3Fkeywords%3Din%2Btomatoes%26qid%3D1654450940%26sr%3D8-10-spons%26psc%3D1&qualifier=1654450940&id=7335535161423488&widgetName=sp_mtf
"Aum Fresh Sun Dried Tomato Slices Pack of 2 (90g x 2), 180g | No Added Preservatives, Ready to Use Sun Dry Tomatoes",₹400,3.9 out of 5 stars,48,http://www.amazon.in/gp/slredirect/picassoRedirect.html/ref=pa_sp_mtf_aps_sr_pg1_1?ie=UTF8&adId=A04202443SDRH6TXW5SE4&url=%2FAum-Fresh-Tomato-Preservatives-Tomatoes%2Fdp%2FB08P4F337S%2Fref%3Dsr_1_11_sspa%3Fkeywords%3Din%2Btomatoes%26qid%3D1654450940%26sr%3D8-11-spons%26psc%3D1&qualifier=1654450940&id=7335535161423488&widgetName=sp_mtf
"Urban Platter Peeled Tomato in Juice, 800g / 28.2oz [Tomates pelles Dans le Jus, Preservative Free]",₹270,3.8 out of 5 stars,26,http://www.amazon.in/Urban-Platter-Peeled-Tomates-Preservative/dp/B07RHJXZ5G/ref=sr_1_12?keywords=in+tomatoes&qid=1654450940&sr=8-12
"Casa Rinaldi Sundried Tomato in Oil, 270gm",₹239,4.3 out of 5 stars,151,http://www.amazon.in/Casa-Rinaldi-Sundried-Tomato-270gm/dp/B07MQ5G67M/ref=sr_1_13?keywords=in+tomatoes&qid=1654450940&sr=8-13
"Heinz Beanz in Tomato Sauce, Baked, 2 x 415 g",₹290,3.9 out of 5 stars,31,http://www.amazon.in/HEINZ-Beanz-Baked-Tomato-Sauce/dp/B085MVZ3PT/ref=sr_1_14?keywords=in+tomatoes&qid=1654450940&sr=8-14
"Urban Platter Sun-Dried Tomato in Extra Virgin Olive Oil, 230g",₹495,3.7 out of 5 stars,6,http://www.amazon.in/Urban-Platter-Sun-Dried-Tomato-Virgin/dp/B09DVW4B1M/ref=sr_1_15?keywords=in+tomatoes&qid=1654450940&sr=8-15
"Morton Pre-Cooked Baked Beans in Tomato Sauce, 450g (Pack of 2)",₹180,3.8 out of 5 stars,617,http://www.amazon.in/Morton-Baked-Beans-Tomato-Sauce/dp/B08B97KY3W/ref=sr_1_16?keywords=in+tomatoes&qid=1654450940&sr=8-16
"HEINZ Beanz in Tomato Sauce, Baked Beans, 415 g, 4 Count",₹465,5.0 out of 5 stars,4,http://www.amazon.in/Heinz-Beanz-Rich-Tomato-Sauce/dp/B08HLYPP2K/ref=sr_1_17?keywords=in+tomatoes&qid=1654450940&sr=8-17
"Golden Prize Canned Sardine in Tomato Sauce, 125g (Pack of 5)",₹380,4.5 out of 5 stars,6,http://www.amazon.in/Golden-Prize-Canned-Sardine-Tomato/dp/B09CM7BHLB/ref=sr_1_18?keywords=in+tomatoes&qid=1654450940&sr=8-18
"Fresh Organic Tomato Local, 1 kg",₹155,,,http://www.amazon.in/Fresh-Organic-Tomato-1kg/dp/B07HN2YCNB/ref=sr_1_19_f3_0o_fs?almBrandId=ctnow&fpw=alm&keywords=in+tomatoes&qid=1654450940&sr=8-19
"Sattvic Foods Turkish Sun-Dried Tomatoes 250 gm (100% Natural, Preserved with Only Salt) Grade A, Large Size, Imported from Turkey",₹400,3.9 out of 5 stars,251,http://www.amazon.in/gp/slredirect/picassoRedirect.html/ref=pa_sp_btf_aps_sr_pg1_1?ie=UTF8&adId=A076167421C1G2X5BGBQF&url=%2FSattvic-Foods-Sun-Dried-Tomatoes-Preserved%2Fdp%2FB09PLGG18Q%2Fref%3Dsr_1_20_sspa%3Fkeywords%3Din%2Btomatoes%26qid%3D1654450940%26sr%3D8-20-spons%26psc%3D1&qualifier=1654450940&id=7335535161423488&widgetName=sp_btf
"Borde Whole Shitake 2-4Cm Mushrooms, 30g",₹433,4.7 out of 5 stars,7,http://www.amazon.in/gp/slredirect/picassoRedirect.html/ref=pa_sp_btf_aps_sr_pg1_1?ie=UTF8&adId=A10287681B7OM5DBV7HNH&url=%2FBorde-Whole-Shitake-2-4Cm-Mushrooms%2Fdp%2FB07F6D4ZZW%2Fref%3Dsr_1_21_sspa%3Fkeywords%3Din%2Btomatoes%26qid%3D1654450940%26sr%3D8-21-spons%26psc%3D1&qualifier=1654450940&id=7335535161423488&widgetName=sp_btf
"Abbie's Sweet Corn Kernels, 400g (Set of 6)",₹449,4.0 out of 5 stars,533,http://www.amazon.in/gp/slredirect/picassoRedirect.html/ref=pa_sp_btf_aps_sr_pg1_1?ie=UTF8&adId=A0147668CIQGZNFNOKRF&url=%2FAbbies-Sweet-Corn-Kernels-400g%2Fdp%2FB07QQB2WN8%2Fref%3Dsr_1_22_sspa%3Fkeywords%3Din%2Btomatoes%26qid%3D1654450940%26sr%3D8-22-spons%26psc%3D1%26smid%3DA305DIVYBI98ZM&qualifier=1654450940&id=7335535161423488&widgetName=sp_btf
Description,Price,Rating,ReviewCount,Url
Jioo Organics Dried Cucumber Seeds for Eating | Planting | Home | Gardening | Sun Dried | Kakdi Magaz Ke Beej | Pack of 100 Gm,₹190,4.2 out of 5 stars,57,http://www.amazon.in/gp/slredirect/picassoRedirect.html/ref=pa_sp_atf_aps_sr_pg1_1?ie=UTF8&adId=A06442483KBNZZEWG5Q2A&url=%2FJioo-Organics-Dried-Cucumber-Magaz_Pack%2Fdp%2FB077HVHJFR%2Fref%3Dsr_1_1_sspa%3Fkeywords%3D%25E2%2580%2594%2Bcucumber%26qid%3D1654450965%26sr%3D8-1-spons%26psc%3D1&qualifier=1654450965&id=8960732420947776&widgetName=sp_atf
"Jioo Organics Pack of Char Magaz, Cucumber, Pumpkin, Watermelon and Muskmelon Seeds (100 Gms)",₹690,3.7 out of 5 stars,25,http://www.amazon.in/gp/slredirect/picassoRedirect.html/ref=pa_sp_atf_aps_sr_pg1_1?ie=UTF8&adId=A03164582C90P37T6HCFZ&url=%2FJioo-Organics-Watermelon-Muskmelon-seeds_Pack%2Fdp%2FB077HYNSNT%2Fref%3Dsr_1_2_sspa%3Fkeywords%3D%25E2%2580%2594%2Bcucumber%26qid%3D1654450965%26sr%3D8-2-spons%26psc%3D1&qualifier=1654450965&id=8960732420947776&widgetName=sp_atf
"IndianJadiBooti Raw Cucumber Kheera Seeds, 400 Grams Pack",₹720,,(₹180/100 g),http://www.amazon.in/gp/slredirect/picassoRedirect.html/ref=pa_sp_atf_aps_sr_pg1_1?ie=UTF8&adId=A08020822L2LVWK2595V0&url=%2FIndianJadiBooti-Cucumber-Kheera-Seeds-400g%2Fdp%2FB07DFFM8C1%2Fref%3Dsr_1_3_sspa%3Fkeywords%3D%25E2%2580%2594%2Bcucumber%26qid%3D1654450965%26sr%3D8-3-spons%26psc%3D1&qualifier=1654450965&id=8960732420947776&widgetName=sp_atf
"Fresh Cucumber English, 500g",₹27,,,http://www.amazon.in/Fresh-Cucumber-English-500g/dp/B07BG526NB/ref=sr_1_4_f3_0o_fs?almBrandId=ctnow&fpw=alm&keywords=%E2%80%94+cucumber&qid=1654450965&sr=8-4
"Fresh Cucumber, 500g",₹11,,,http://www.amazon.in/Fresh-Cucumber-500g-Pack/dp/B07BG7B7WB/ref=sr_1_5_f3_0o_fs?almBrandId=ctnow&fpw=alm&keywords=%E2%80%94+cucumber&qid=1654450965&sr=8-5
"Fresh Organic Cucumber, 500g",₹30,,,http://www.amazon.in/Fresh-Organic-Cucumber-500g/dp/B07CN6N8HN/ref=sr_1_6_f3_0o_fs?almBrandId=ctnow&fpw=alm&keywords=%E2%80%94+cucumber&qid=1654450965&sr=8-6
"Biotique Cucumber Pore Tightening Refreshing Toner with Himalayan Waters, 120ml",₹122,4.1 out of 5 stars,"40,017",http://www.amazon.in/Biotique-Cucumber-Tightening-Himalayan-Waters/dp/B00791CS2G/ref=sr_1_7?keywords=%E2%80%94+cucumber&qid=1654450965&sr=8-7
Plantogallery Live Green Cucumber Organic F1 Hybrid Seeds - Small Pack,₹129,3.3 out of 5 stars,96,http://www.amazon.in/CUCUMBER-ORGANIC-HYBRID-LIVE-GREEN/dp/B07JMS9ZFF/ref=sr_1_8?keywords=%E2%80%94+cucumber&qid=1654450965&sr=8-8
"Fresh Cucumber - Madras, 500g",₹38,,,http://www.amazon.in/Fresh-Cucumber-Madras-500g-Pack/dp/B07BG79JN1/ref=sr_1_9_f3_0o_fs?almBrandId=ctnow&fpw=alm&keywords=%E2%80%94+cucumber&qid=1654450965&sr=8-9
Golden Hills Farm (AVG 100-215)seeds Green Cucumber Seeds - Long Hybrid Vegetable Seeds,₹140,5.0 out of 5 stars,4,http://www.amazon.in/Golden-Hills-Farm-100-215-Cucumber/dp/B07ZJ3BZ6N/ref=sr_1_10?keywords=%E2%80%94+cucumber&qid=1654450965&sr=8-10
"Alps Goodness Cucumber & Vitamin E Refreshing Gel Body Lotion, 300 ml | Lightweight, Hydrating, Nourishing Body Lotion For Summer For All Skin Types | Sulphates Free, Paraben Free, Cruelty Free, Vegan",₹200,4.1 out of 5 stars,49,http://www.amazon.in/Alps-Goodness-Cucumber-Vitamin-Refreshing/dp/B09BH9155R/ref=sr_1_11?keywords=%E2%80%94+cucumber&qid=1654450965&sr=8-11
"KAZIMA Aloe Cucumber Gel with Pure Aloe Vera & Cucumber for Face, Skin & Hair - Exfoliating Face, Reduces Acne Scars, Wrinkles, Sunburn, Dark Circles & Moisturizes Skin (500 Gram)",₹229,4.0 out of 5 stars,323,http://www.amazon.in/KAZIMA-Aloe-Cucumber-Pure-Vera/dp/B09GMB2MW2/ref=sr_1_12?keywords=%E2%80%94+cucumber&qid=1654450965&sr=8-12
Kraft Seeds! Summer Vegetable Seeds @ Cucumber F-1 Hybrid – 1gm to grow in Your Home & kitchen garden on this summer,₹75,3.0 out of 5 stars,"2,139",http://www.amazon.in/Kraft-Seeds-Summer-Vegetable-Cucumber/dp/B082L2M31Y/ref=sr_1_13?keywords=%E2%80%94+cucumber&qid=1654450965&sr=8-13
"Aroma Magic Cucumber Sun Screen Lotion, SPF 30, 100ml",₹276,4.1 out of 5 stars,"1,771",http://www.amazon.in/Aroma-Magic-Cucumber-Screen-Lotion/dp/B00E966WI0/ref=sr_1_14?keywords=%E2%80%94+cucumber&qid=1654450965&sr=8-14
"Aroma Magic Cucumber Sun Screen Lotion, SPF 30, 50ml",₹162,3.9 out of 5 stars,619,http://www.amazon.in/Aroma-Magic-Cucumber-Screen-Lotion/dp/B00E966Y0G/ref=sr_1_15?keywords=%E2%80%94+cucumber&qid=1654450965&sr=8-15
Greenleaf Aloe Cucumber Gel 120g,₹120,4.1 out of 5 stars,379,http://www.amazon.in/Green-Leaf-Aloe-Cucumber-120g/dp/B0126WNJA2/ref=sr_1_16?keywords=%E2%80%94+cucumber&qid=1654450965&sr=8-16
"Good Vibes Cucumber Face Gel 50 g, Skin Hydrating Soothing Light Weight Formula, Helps Reduce Redness, Puffiness & Blemishes for All Skin Types, Natural, No Parabens & Sulphates, No Animal Testing",₹153,4.1 out of 5 stars,791,http://www.amazon.in/Good-Vibes-Cucumber-Skin-Hair/dp/B084GQYPSK/ref=sr_1_17?keywords=%E2%80%94+cucumber&qid=1654450965&sr=8-17
"Kraft Seeds Cucumber F1 Hybrid Seeds with 100g Agro Peat (Multicolour, 50 Pieces)",₹120,3.0 out of 5 stars,446,http://www.amazon.in/Kraft-seeds-Cucumber-Hybrid-Agropeat/dp/B07D77LQB7/ref=sr_1_18?keywords=%E2%80%94+cucumber&qid=1654450965&sr=8-18
"Himalaya Herbals Aloe and Cucumber Refreshing Body Lotion, 400ml",₹240,4.2 out of 5 stars,"5,101",http://www.amazon.in/Himalaya-Herbals-Cucumber-Refreshing-Lotion/dp/B00VHSU69O/ref=sr_1_19?keywords=%E2%80%94+cucumber&qid=1654450965&sr=8-19
"Naturin Thousand Island Dressing Mayo - Real Creamy and Thick TID Mayonnaise made with Real Cucumbers, Tomatoes - Mixed with Indian Spices & Herbs -Delicious Dip Sauce (290gm)",₹148,4.3 out of 5 stars,5,http://www.amazon.in/gp/slredirect/picassoRedirect.html/ref=pa_sp_mtf_aps_sr_pg1_1?ie=UTF8&adId=A00996132B50HGA8U9GD9&url=%2FNaturin-Delicious-Mayonnaise-cucumbers-Condiment%2Fdp%2FB09653X68H%2Fref%3Dsr_1_20_sspa%3Fkeywords%3D%25E2%2580%2594%2Bcucumber%26qid%3D1654450965%26sr%3D8-20-spons%26psc%3D1&qualifier=1654450965&id=8960732420947776&widgetName=sp_mtf
"Siera Healthy Mix Seeds, Charmagaj Immunity Booster (Pumpkin, Watermelon, Cucumber and Muskmelon Seeds (4-in-1) - 200gm",₹279,4.4 out of 5 stars,7,http://www.amazon.in/gp/slredirect/picassoRedirect.html/ref=pa_sp_mtf_aps_sr_pg1_1?ie=UTF8&adId=A08862012J6NK1JN7XUYF&url=%2FSiera-Charmagaj-Immunity-Watermelon-Muskmelon%2Fdp%2FB08FJ3B966%2Fref%3Dsr_1_21_sspa%3Fkeywords%3D%25E2%2580%2594%2Bcucumber%26qid%3D1654450965%26sr%3D8-21-spons%26psc%3D1&qualifier=1654450965&id=8960732420947776&widgetName=sp_mtf
Buds & Berries Sheet Masks Combo of 3 (25g x 3)- Tender Coconut + Bulgarian Rose + Cucumber & Green Apple,₹450,4.0 out of 5 stars,29,http://www.amazon.in/gp/slredirect/picassoRedirect.html/ref=pa_sp_mtf_aps_sr_pg1_1?ie=UTF8&adId=A08873333PD0DJHT3GI94&url=%2FBuds-Berries-Coconut-Bulgarian-Cucumber%2Fdp%2FB09P4ZLP8X%2Fref%3Dsr_1_22_sspa%3Fkeywords%3D%25E2%2580%2594%2Bcucumber%26qid%3D1654450965%26sr%3D8-22-spons%26psc%3D1&qualifier=1654450965&id=8960732420947776&widgetName=sp_mtf
"Neo Burger Chips 350g I 100 % Vegan I Low Fat Sweet and Salty Gherkin Slices, Ready to Eat, No GMO I Make Burger, Sandwich & Salads (Pack of 1)",₹135,4.0 out of 5 stars,47,http://www.amazon.in/gp/slredirect/picassoRedirect.html/ref=pa_sp_mtf_aps_sr_pg1_1?ie=UTF8&adId=A0314729304PFRQ1C3DU2&url=%2FNeo-Foods-Burger-Chips-350g%2Fdp%2FB08W4ZSPML%2Fref%3Dsr_1_23_sspa%3Fkeywords%3D%25E2%2580%2594%2Bcucumber%26qid%3D1654450965%26sr%3D8-23-spons%26psc%3D1&qualifier=1654450965&id=8960732420947776&widgetName=sp_mtf
"Oriental Botanics Aloe Vera, Green Tea & Cucumber Hydrating Face Wash - No Sulphate, Paraben, Silicone, 100 ml (ORBOT48)",₹199,3.9 out of 5 stars,169,http://www.amazon.in/Oriental-Botanics-Green-Cucumber-Hydrating/dp/B082X5WDLQ/ref=sr_1_24?keywords=%E2%80%94+cucumber&qid=1654450965&sr=8-24
"UGAOO Long Cucumber Vegetable Seed (Green, Pack of 1.2g)",₹99,2.4 out of 5 stars,4,http://www.amazon.in/UGAOO-Long-Cucumber-Vegetable-Green/dp/B09MLPQLPZ/ref=sr_1_25?keywords=%E2%80%94+cucumber&qid=1654450965&sr=8-25
"Himalaya Aloe and Cucumber Refreshing Body Lotion, 200ml",₹147,4.2 out of 5 stars,895,http://www.amazon.in/Himalaya-Cucumber-Refreshing-Lotion-200ml/dp/B0093J2C0A/ref=sr_1_26?keywords=%E2%80%94+cucumber&qid=1654450965&sr=8-26
BioCare Face Scrub Cucumber 500 ml,₹199,3.6 out of 5 stars,33,http://www.amazon.in/BioCare-Face-Scrub-Cucumber-500/dp/B07B4GX8ZM/ref=sr_1_27?keywords=%E2%80%94+cucumber&qid=1654450965&sr=8-27
Himalaya Herbals Refreshing Cucumber Soap (125G) (Pack Of 3),₹134,4.1 out of 5 stars,74,http://www.amazon.in/Himalaya-Herbals-Refreshing-Cucumber-Soap/dp/B00R5OHHZ0/ref=sr_1_28?keywords=%E2%80%94+cucumber&qid=1654450965&sr=8-28
"Jovees Herbal Cucumber Skin Toner | Toner for Oily, Sensitive and Acne Prone Skin | Pore Tightening and Glowing Skin| 100% Natural | For Normal to Oily Skin | Paraben and Alcohol Free | 200ML",₹146,4.2 out of 5 stars,513,http://www.amazon.in/Jovees-Cucumber-Skin-Toner-Astringent/dp/B006R2K02S/ref=sr_1_29?keywords=%E2%80%94+cucumber&qid=1654450965&sr=8-29
Golden Hills Farm (AVG 100-265)seeds CUCUMBER SUPER SALAD SEEDS,₹140,5.0 out of 5 stars,1,http://www.amazon.in/Golden-Hills-Farm-100-265-CUCUMBER/dp/B07ZJ38Y3S/ref=sr_1_30?keywords=%E2%80%94+cucumber&qid=1654450965&sr=8-30
Greenleaf Aloe Cucumber Gel 190 g,₹200,4.4 out of 5 stars,22,http://www.amazon.in/Green-Leaf-Aloe-Cucumber-Gel/dp/B07YZCVTKS/ref=sr_1_31?keywords=%E2%80%94+cucumber&qid=1654450965&sr=8-31
"Biotique Bio Veda Cucumber Pore Tightening Toner With Himalayan Waters, 120Ml",₹175,4.2 out of 5 stars,208,http://www.amazon.in/bio-veda-biotique-Tightening-Himalayan/dp/B014RCH5M2/ref=sr_1_32?keywords=%E2%80%94+cucumber&qid=1654450965&sr=8-32
"Everyuth Naturals Nourishing Aloe Vera & Cucumber Gel, 100 g (Pack of 2)",₹125,3.9 out of 5 stars,79,http://www.amazon.in/Everyuth-Naturals-Nourishing-Aloe-Cucumber/dp/B08DVN3ZD2/ref=sr_1_33?keywords=%E2%80%94+cucumber&qid=1654450965&sr=8-33
DR.RASHEL Cucumber Gel For Face & Body For Normal Skin (380 Ml),₹186,3.5 out of 5 stars,12,http://www.amazon.in/DR-RASHEL-Cucumber-Face-Body-Normal/dp/B08NDTQPRK/ref=sr_1_34?keywords=%E2%80%94+cucumber&qid=1654450965&sr=8-34
"Himalaya Herbals Refreshing Cucumber Soap, 75g (Pack of 6)",₹158,4.2 out of 5 stars,13,http://www.amazon.in/Himalaya-Herbals-Refreshing-Cucumber-Soap/dp/B00G6MSXS2/ref=sr_1_35?keywords=%E2%80%94+cucumber&qid=1654450965&sr=8-35
Cucumber Seeds BIG (500 gms Cucumber Seeds by The Natural Food),₹395,3.2 out of 5 stars,6,http://www.amazon.in/Cucumber-Seeds-Natural-Raisins-Spices/dp/B095PXXSNX/ref=sr_1_36?keywords=%E2%80%94+cucumber&qid=1654450965&sr=8-36
"Real Activ Cucumber Spinach Juice, 1L",₹140,4.1 out of 5 stars,4,http://www.amazon.in/Real-Activ-Cucumber-Spinach-Juice/dp/B071YM9PZP/ref=sr_1_37?keywords=%E2%80%94+cucumber&qid=1654450965&sr=8-37
"Banjara's Aloe Vera Gel | Saffron & Cucumber Combo |For Glowing,Smooth & Hydrated Skin |Non-Toxic|100% Vegan, Natural & Sulphate Free | 200 GM",₹205,4.2 out of 5 stars,147,http://www.amazon.in/Banjaras-Cucumber-Hydrated-Non-Toxic-Sulphate/dp/B08WJ3VJ9S/ref=sr_1_38?keywords=%E2%80%94+cucumber&qid=1654450965&sr=8-38
"Monin Cucumber Syrup, 700 ml",₹895,4.4 out of 5 stars,22,http://www.amazon.in/Monin-Cucumber-Bottle-700-ml/dp/B078FFX7HR/ref=sr_1_39?keywords=%E2%80%94+cucumber&qid=1654450965&sr=8-39
"TNW-The Natural Wash Cucumber Toner Spray for Face Reduces Inflammation, Keep Your Skin at the right pH, Prevent Acne Breakouts, Wrinkles, Oil Control, Makeup Removal, Pore Minimizing for Women & Men",₹185,4.3 out of 5 stars,668,http://www.amazon.in/TNW-Cucumber-Purified-Tightens-Peppermint/dp/B08XPQC1L4/ref=sr_1_40?keywords=%E2%80%94+cucumber&qid=1654450965&smid=A2T5YC9GMMHQ0T&sr=8-40
"Golden Hills Farm (AVG 100-288)seeds Cucumber Parthenocarpic Op, Beit Alpha Seeds",₹140,3.4 out of 5 stars,3,http://www.amazon.in/Golden-Hills-Farm-Cucumber-Parthenocarpic/dp/B07ZJ3MM1L/ref=sr_1_42?keywords=%E2%80%94+cucumber&qid=1654450965&sr=8-42
KENWARE Cucumber High Germination Seeds for Your Garden/Easy to Grow/Organic Hybrid Vegetable Seeds for Home and Terrace Gardening,₹116,3.5 out of 5 stars,6,http://www.amazon.in/KENWARE-Cucumber-Germination-Vegetable-Gardening/dp/B09HL38W7C/ref=sr_1_43?keywords=%E2%80%94+cucumber&qid=1654450965&sr=8-43
VNR Krish Hybrid F1 quality Cucumber seeds 10gm - Khira,₹399,4.0 out of 5 stars,4,http://www.amazon.in/VNR-Krish-Hybrid-quality-Cucumber/dp/B0936KFMFV/ref=sr_1_44?keywords=%E2%80%94+cucumber&qid=1654450965&sr=8-44
Golden Hills Farm hybrid Cucumber Yellow F1 Hybrid Seeds 100+ seeds,₹160,,,http://www.amazon.in/Golden-Hills-Farm-hybrid-Cucumber/dp/B094Y6VZBK/ref=sr_1_45?keywords=%E2%80%94+cucumber&qid=1654450965&sr=8-45
Lotus Herbals Basiltone Clarifying & Balancing Skin Toner | With Cucumber & Basil | For Combination & Oily Skin | 100ml,₹221,4.1 out of 5 stars,"1,831",http://www.amazon.in/Lotus-Basiltone-Cucumber-Clarifying-Balancing/dp/B00791FIO6/ref=sr_1_46?keywords=%E2%80%94+cucumber&qid=1654450965&sr=8-46
Jioo Organics Dried Cucumber Seeds for Eating | Planting | Home | Gardening | Sun Dried | Kakdi Magaz Ke Beej | Pack of 100 Gm,₹190,4.2 out of 5 stars,57,http://www.amazon.in/Jioo-Organics-Dried-Cucumber-Magaz_Pack/dp/B077HVHJFR/ref=sr_1_47?keywords=%E2%80%94+cucumber&qid=1654450965&sr=8-47
"Hugo Reitzel Sweet and Sour Gherkins, 350 g",₹155,3.9 out of 5 stars,371,http://www.amazon.in/Hugoreitzel-Sweet-Sour-Gherkins-350/dp/B07YCNWPN2/ref=sr_1_48?keywords=%E2%80%94+cucumber&qid=1654450965&sr=8-48
Kraft Seeds Cucumber F1 Hybrid Seeds by Kraft Seeds,₹83,3.3 out of 5 stars,94,http://www.amazon.in/Cucumber-F1-Hybrid-Seeds-Kraft/dp/B00KOKWYKK/ref=sr_1_49?keywords=%E2%80%94+cucumber&qid=1654450965&sr=8-49
"GEMBLUE BioCare Cucumber Gel, 500 ml",₹239,4.1 out of 5 stars,136,http://www.amazon.in/GEMBLUE-BIOCARE-Cucumber-Gel-500ml/dp/B07YDRC8BV/ref=sr_1_50?keywords=%E2%80%94+cucumber&qid=1654450965&sr=8-50
"Golden Hills Farm Cucumber Seed, Hybrid Khira Summer Vegetable 100+ seeds",₹140,2.1 out of 5 stars,3,http://www.amazon.in/Golden-Hills-Farm-Cucumber-Vegetable/dp/B095XB43G7/ref=sr_1_51?keywords=%E2%80%94+cucumber&qid=1654450965&sr=8-51
Cucumber Girl's Cotton Fit and Flare Midi Casual Dress (CUCU-1024D-BGP-S-PK03_Multicoloured_3 6 Months),₹499,3.7 out of 5 stars,7,http://www.amazon.in/Cucumber-Printed-Cotton-Months-Multicoloured/dp/B0868RYDPK/ref=sr_1_52?keywords=%E2%80%94+cucumber&qid=1654450965&sr=8-52
"Roop Mantra Cucumber Face Wash, 50ml per pack, (Pack of 7) 350 ml",₹289,4.2 out of 5 stars,81,http://www.amazon.in/Roop-Mantra-Cucumber-Face-Wash/dp/B0768Y7855/ref=sr_1_53?keywords=%E2%80%94+cucumber&qid=1654450965&sr=8-53
"Himalaya Herbals Refreshing Cucumber Soap, 125g (Pack of 4)",₹180,3.8 out of 5 stars,16,http://www.amazon.in/Himalaya-Herbals-Refreshing-Cucumber-Soap/dp/B07JN1WR2Q/ref=sr_1_54?keywords=%E2%80%94+cucumber&qid=1654450965&sr=8-54
"Jovees Herbal Cucumber Skin Toner For Face, 200 ml | Toner for Oily, Sensitive and Acne Prone Skin | Cucumber For Pore Tightening",₹220,4.3 out of 5 stars,124,http://www.amazon.in/Jovees-Herbal-Cucumber-Sensitive-Tightening/dp/B09579N2JB/ref=sr_1_55?keywords=%E2%80%94+cucumber&qid=1654450965&sr=8-55
"Siera Healthy Mix Seeds Charmagaj Powder Raw Pumpkin, Watermelon, Cucumber and Muskmelon Seeds (4-in-1), (Immunity Booster) - 200gm…",₹288,4.4 out of 5 stars,21,http://www.amazon.in/gp/slredirect/picassoRedirect.html/ref=pa_sp_btf_aps_sr_pg1_1?ie=UTF8&adId=A088635711A1TMZLH5NS6&url=%2FSiera-Charmagaj-Watermelon-Cucumber-Muskmelon%2Fdp%2FB08FJ6LB6G%2Fref%3Dsr_1_56_sspa%3Fkeywords%3D%25E2%2580%2594%2Bcucumber%26qid%3D1654450965%26sr%3D8-56-spons%26psc%3D1&qualifier=1654450965&id=8960732420947776&widgetName=sp_btf
Siera Dried Cucumber Seeds for Eating | Kheera Magaz | - 100gm,₹289,4.3 out of 5 stars,53,http://www.amazon.in/gp/slredirect/picassoRedirect.html/ref=pa_sp_btf_aps_sr_pg1_1?ie=UTF8&adId=A06437821VNNQUJJHK17P&url=%2FSiera-Dried-Cucumber-Eating-Kheera%2Fdp%2FB08G17YPRB%2Fref%3Dsr_1_57_sspa%3Fkeywords%3D%25E2%2580%2594%2Bcucumber%26qid%3D1654450965%26sr%3D8-57-spons%26psc%3D1&qualifier=1654450965&id=8960732420947776&widgetName=sp_btf
"Neo Foods Baby Gherkins, Low Fat Sweet and Crunchy Pickles, Ready to Eat, No GMO & Added Preservatives, Jar, 350g",₹125,3.8 out of 5 stars,22,http://www.amazon.in/gp/slredirect/picassoRedirect.html/ref=pa_sp_btf_aps_sr_pg1_1?ie=UTF8&adId=A0960251KVTNROPUMJXZ&url=%2FNeo-Gherkins-Crunchy-Pickles-Preservatives%2Fdp%2FB08W4WXFL8%2Fref%3Dsr_1_58_sspa%3Fkeywords%3D%25E2%2580%2594%2Bcucumber%26qid%3D1654450965%26sr%3D8-58-spons%26psc%3D1&qualifier=1654450965&id=8960732420947776&widgetName=sp_btf
"Easygrow Healthy 4-In-1 Seed Mix - Watermelon , Pumpkin , Muskmelon , Cucumber - Diet Snack (200 g)",₹249,4.6 out of 5 stars,3,http://www.amazon.in/gp/slredirect/picassoRedirect.html/ref=pa_sp_btf_aps_sr_pg1_1?ie=UTF8&adId=A02709901QMNS8N9FEMZ5&url=%2FEasygrow-Healthy-Seed-Mix-Watermelon%2Fdp%2FB097KFM84D%2Fref%3Dsr_1_59_sspa%3Fkeywords%3D%25E2%2580%2594%2Bcucumber%26qid%3D1654450965%26sr%3D8-59-spons%26psc%3D1&qualifier=1654450965&id=8960732420947776&widgetName=sp_btf
"Neo Foods Whole Gherkins 480g I Pack of 1 I 100% Vegan I Low Fat Sweet and Crunchy Pickles, Ready to Eat, No GMO I Enjoy with Nachos, Make a Healthy Salad at home",₹145,3.2 out of 5 stars,51,http://www.amazon.in/gp/slredirect/picassoRedirect.html/ref=pa_sp_btf_aps_sr_pg1_1?ie=UTF8&adId=A0959751392BFT1UHNCPF&url=%2FNeo-Foods-Gherkins-Crunchy-Preservatives%2Fdp%2FB08TC2BVV6%2Fref%3Dsr_1_60_sspa%3Fkeywords%3D%25E2%2580%2594%2Bcucumber%26qid%3D1654450965%26sr%3D8-60-spons%26psc%3D1&qualifier=1654450965&id=8960732420947776&widgetName=sp_btf
Description,Price,Rating,ReviewCount,Url
Favorite Brand Name - Great-Tasting Potatoes,"₹2,135.78",5.0 out of 5 stars,12 December 2016,http://www.amazon.in/Favorite-Brand-Name-Great-Tasting-Potatoes/dp/0785321071/ref=sr_1_1?keywords=name+potatoes&qid=1654450999&sr=8-1
"Around The World Know The Capital Name Around The World For Kids: Book for Kids Age 3-8, Boys or Girls,and Preschool Prep , Kindergarten,2nd Grade Activity Learning",₹0,,by ,http://www.amazon.in/Around-World-Know-Capital-Name-ebook/dp/B07RQC6YSB/ref=sr_1_4?keywords=name+potatoes&qid=1654450999&sr=8-4
"Countries Name With Friend: Vocabulary Book for Kids Age 3-8, Boys or Girls,and Preschool Prep , Kindergarten,2nd Grade Activity Learning",₹0,,by ,http://www.amazon.in/Countries-Name-Friend-Vocabulary-Kindergarten-ebook/dp/B07QP8VSQR/ref=sr_1_5?keywords=name+potatoes&qid=1654450999&sr=8-5
"Top 6 Boy and Girl Name: Book for Kids Age 3-7, Boys or Girls,and Preschool Prep , Kindergarten,1st Grade Activity Learning",₹0,,by ,http://www.amazon.in/Top-Boy-Girl-Name-Kindergarten-ebook/dp/B07QK9ZCF7/ref=sr_1_6?keywords=name+potatoes&qid=1654450999&sr=8-6
Great-Tasting Potatoes Cookbook,"₹2,332.80",5.0 out of 5 stars,by ,http://www.amazon.in/Great-Tasting-Potatoes-Cookbook-Editors-Favorite/dp/1605537071/ref=sr_1_7?keywords=name+potatoes&qid=1654450999&sr=8-7
"Spell It Out With Countries names: Book for Kids Age 3-7, Boys or Girls, kids, and Preschool Prep, Kindergarten,1st-2nd Grade Activity Learning.",₹0,,by ,http://www.amazon.in/Spell-Out-Countries-names-Kindergarten-ebook/dp/B0813R2HP9/ref=sr_1_8?keywords=name+potatoes&qid=1654450999&sr=8-8
"I'm a Baked Potato!: (Funny Children’s Book About a Pet Dog, Puppy Story)",₹861,4.8 out of 5 stars,by ,http://www.amazon.in/Im-Baked-Potato-Elise-Primavera-ebook/dp/B07JYLCJZF/ref=sr_1_9?keywords=name+potatoes&qid=1654450999&sr=8-9
"KITOOL 1 PCs Crinkle Cut Knife Fork Slicing Helper Stainless Steel Fruit and Vegetable Wavy Chopper Knife, Safe Potato Cutter Onion Cutter French Fry Cutter,Kids Kitchen Tools 5.4 inch ( Pack-1 )",₹299,4.2 out of 5 stars,37,http://www.amazon.in/KITOOL-Crinkle-Slicing-Stainless-Vegetable/dp/B0923XG5DW/ref=sr_1_10?keywords=name+potatoes&qid=1654450999&sr=8-10
"Focus On: 100 Most Popular Deep Fried Foods: Twinkie, Falafel, French Fries, Fish and Chips, General Tso's Chicken, Chimichanga, Potato Chip, Offal, Tempura, Panipuri, etc.",₹80.85,,,http://www.amazon.in/Focus-Popular-Twinkie-Chimichanga-Panipuri-ebook/dp/B079H15ST4/ref=sr_1_11?keywords=name+potatoes&qid=1654450999&sr=8-11
"Saffola Mayonnaise Eggless, With Milk Cream, Extra Creamy & Tasty, 750g, White",₹135,4.4 out of 5 stars,102,http://www.amazon.in/Saffola-Mayonnaise-Eggless-Cream-Creamy/dp/B09V2J9CLK/ref=sr_1_13?keywords=name+potatoes&qid=1654450999&smid=ARENK22K2PQRH&sr=8-13
The Guernsey Literary and Potato Peel Pie Society,₹285.95,4.6 out of 5 stars,by ,http://www.amazon.in/Guernsey-Literary-Potato-Peel-Society-ebook/dp/B002R88G4U/ref=sr_1_14?keywords=name+potatoes&qid=1654450999&sr=8-14
"Vedaka Popular Toor Dal, 1kg",₹150,4.4 out of 5 stars,"7,390",http://www.amazon.in/Amazon-Brand-Vedaka-Popular-Toor/dp/B07BL6K3S1/ref=sr_1_15?keywords=name+potatoes&qid=1654450999&sr=8-15
"Nestle EVERYDAY Dairy Whitener, Milk Powder for Tea, 1Kg Pouch",₹515,4.5 out of 5 stars,"8,691",http://www.amazon.in/Nestle-Everyday-Dairy-Whitener-Pouch/dp/B00NYZQX9A/ref=sr_1_16?keywords=name+potatoes&qid=1654450999&sr=8-16
"Elan Stainless Steel Round Chai, Cheeni & Kaffee Multipurpose Canister pack of 3-Ivory","₹2,190",4.1 out of 5 stars,60,http://www.amazon.in/gp/slredirect/picassoRedirect.html/ref=pa_sp_mtf_aps_sr_pg1_1?ie=UTF8&adId=A07716285IHN85DRIP6S&url=%2FElan-Stainless-Multipurpose-Canister-3-Ivory%2Fdp%2FB07M92RPMG%2Fref%3Dsr_1_17_sspa%3Fkeywords%3Dname%2Bpotatoes%26qid%3D1654450999%26sr%3D8-17-spons%26psc%3D1&qualifier=1654450999&id=1233353484256875&widgetName=sp_mtf
Shri & Sam Nifty High Grade Stainless Steel Thali Set with PVD Coating (Gold),"₹5,717",4.2 out of 5 stars,55,http://www.amazon.in/gp/slredirect/picassoRedirect.html/ref=pa_sp_mtf_aps_sr_pg1_1?ie=UTF8&adId=A097186738O5BKXTT9VUU&url=%2FShri-Sam-Stainless-Coating-9-Pieces%2Fdp%2FB07S7H93VM%2Fref%3Dsr_1_18_sspa%3Fkeywords%3Dname%2Bpotatoes%26qid%3D1654450999%26sr%3D8-18-spons%26psc%3D1&qualifier=1654450999&id=1233353484256875&widgetName=sp_mtf
FINWARE Square Handle Boxes Refrigerator Storage Organizer Box Container Food Basket with Lid Set of 2,₹399,3.8 out of 5 stars,42,http://www.amazon.in/gp/slredirect/picassoRedirect.html/ref=pa_sp_mtf_aps_sr_pg1_1?ie=UTF8&adId=A10354382VM28J1YK6ALI&url=%2FRefrigerator-Storage-Organizer-Container-Vegetables%2Fdp%2FB0979H68PY%2Fref%3Dsr_1_19_sspa%3Fkeywords%3Dname%2Bpotatoes%26qid%3D1654450999%26sr%3D8-19-spons%26psc%3D1%26smid%3DAVYWKR3XP70ZL&qualifier=1654450999&id=1233353484256875&widgetName=sp_mtf
"Ash & Roh® - Glass Mason Jar with Multi-Color Air-Tight Lids with Straw Mugs with Handle, Regular Mouth for kitchen - 500 ML (2)",₹299,4.2 out of 5 stars,21,http://www.amazon.in/gp/slredirect/picassoRedirect.html/ref=pa_sp_mtf_aps_sr_pg1_1?ie=UTF8&adId=A10301362KWZ28G9MAHL5&url=%2FAsh-Roh%25C2%25AE-Multi-Color-Air-Tight-Regular%2Fdp%2FB099DW7847%2Fref%3Dsr_1_20_sspa%3Fkeywords%3Dname%2Bpotatoes%26qid%3D1654450999%26sr%3D8-20-spons%26psc%3D1&qualifier=1654450999&id=1233353484256875&widgetName=sp_mtf
"Colgate Gentle Enamel Ultra Soft Bristles Toothbrush, 4 Pcs (Buy2 Get 2), Soft Bristles for Enamel Care",₹168,4.4 out of 5 stars,"8,701",http://www.amazon.in/Colgate-Gentle-Enamel-Ultra-Toothbrush/dp/B08G5GPXHR/ref=sr_1_21?keywords=name+potatoes&qid=1654450999&sr=8-21
"HomeStrap Set of 12 Reusable Double Layer Mesh Fridge/ Refrigerator Bags / Pouches for Storage of Fruits , Vegetables & Accessories (9 X 13 Inches | Multicolor )",₹269,4.2 out of 5 stars,"5,175",http://www.amazon.in/HomeStrap-Reusable-Vegetables-Multicolour-Standard/dp/B07DHP29F1/ref=sr_1_22?keywords=name+potatoes&qid=1654450999&sr=8-22
"Maepranom Sweet Chilli Sauce, 980 g",₹300,4.4 out of 5 stars,199,http://www.amazon.in/MAEPRANOM-BRAND-Sweet-Chilli-Sauce/dp/B07RPTPQ41/ref=sr_1_23?keywords=name+potatoes&qid=1654450999&sr=8-23
"Taj Mahal South Tea 1 kg Pack, Rich and Flavourful Chai - Premium Blend of Powdered Fresh Loose Tea Leaves",₹620,4.4 out of 5 stars,"8,167",http://www.amazon.in/Taj-Mahal-Tea-1kg/dp/B00NBSHEYI/ref=sr_1_24?keywords=name+potatoes&qid=1654450999&sr=8-24
Himalaya Wellness Pure Herbs Skin Wellness Tablets - 60 Count (Neem),₹150,4.2 out of 5 stars,"3,627",http://www.amazon.in/Himalaya-Wellness-Pure-Herbs-Neem/dp/B000N33STO/ref=sr_1_25?keywords=name+potatoes&qid=1654450999&sr=8-25
"SToK 4 Liters 1500W Smart Rapid 3D Air Technology Digital Air Fryer With Double Layer Grill, Black","₹4,999",4.4 out of 5 stars,135,http://www.amazon.in/SToK-Digital-1500-Watt-Technology-Double/dp/B083VYT977/ref=sr_1_26?keywords=name+potatoes&qid=1654450999&sr=8-26
"Amazon Brand - Solimo Silicone Rubber Funnel for Kitchen, Green",₹99,4.3 out of 5 stars,"4,604",http://www.amazon.in/Amazon-Brand-Solimo-Silicone-Kitchen/dp/B079976T99/ref=sr_1_27?keywords=name+potatoes&qid=1654450999&smid=AXOGFIT0PZZ7G&sr=8-27
"Protinex Original Health And Nutritional Drink Mix For Adults with High protein & 8 Immuno Nutrients, 400g",₹523,4.3 out of 5 stars,"9,697",http://www.amazon.in/Protinex-Original-400-g/dp/B019391JCQ/ref=sr_1_28?keywords=name+potatoes&qid=1654450999&sr=8-28
"Vedaka Poppy Seeds (Khus Khus), 100g",₹299,4.3 out of 5 stars,"2,802",http://www.amazon.in/Vedaka-Khus-Poppy-Seeds-100g/dp/B07H2THV12/ref=sr_1_29?keywords=name+potatoes&qid=1654450999&sr=8-29
"MAGGI 2-minute Instant Noodles, Masala – 280g Pouch",₹95,4.5 out of 5 stars,"9,163",http://www.amazon.in/Maggi-Minutes-Noodles-Masala-280/dp/B00OO7C9MW/ref=sr_1_31?keywords=name+potatoes&qid=1654450999&sr=8-31
"Prestige Plastic Cutter, Multicolour",₹300,4.1 out of 5 stars,"2,996",http://www.amazon.in/Prestige-Veggie-Cutter-PVC-8-0/dp/B08DBXBN3S/ref=sr_1_32?keywords=name+potatoes&qid=1654450999&sr=8-32
Anjali S.S. Peeler No.5,₹51,3.8 out of 5 stars,"1,990",http://www.amazon.in/Anjali-101053-S-S-Peeler-No-5/dp/B019U5QUQI/ref=sr_1_33?keywords=name+potatoes&qid=1654450999&sr=8-33
"Amazon Brand - Solimo Plastic 500 ml Large Vegetable Chopper with 3 Blades, Blue",₹199,3.8 out of 5 stars,"25,929",http://www.amazon.in/Amazon-Brand-Solimo-Vegetable-Chopper/dp/B07FFMYKW2/ref=sr_1_34?keywords=name+potatoes&qid=1654450999&smid=AXOGFIT0PZZ7G&sr=8-34
"Tata Sampann Unpolished Toor Dal/ Arhar Dal, 1kg",₹155,4.5 out of 5 stars,"13,793",http://www.amazon.in/Tata-Sampann-Pulses-Toor-Dal/dp/B074N7VHV4/ref=sr_1_35?keywords=name+potatoes&qid=1654450999&sr=8-35
"Kellogg's Muesli With 21% Fruit, Nut & Seeds |Tastier Now With Cranberries And Pumpkin Seeds |500g",₹335,4.5 out of 5 stars,"3,901",http://www.amazon.in/Kelloggs-Muesli-21-Fruit-Pouch/dp/B083JMHX1D/ref=sr_1_36?keywords=name+potatoes&qid=1654450999&sr=8-36
"Potato: The Definitive Guide to Potatoes and Potato Cooking, Including a Directory of the World's Best Varieties, Preparation and Cooking Techniques, and Over 150 Sumptuous Recipes",₹499,4.3 out of 5 stars,by ,http://www.amazon.in/Potato-Definitive-Including-Preparation-Techniques/dp/184038929X/ref=sr_1_37?keywords=name+potatoes&qid=1654450999&sr=8-37
"Amazon Brand - Solimo Revolving Plastic Spice Rack set (16 pieces,Silver)",₹569,4.0 out of 5 stars,"18,305",http://www.amazon.in/Amazon-Brand-Solimo-Revolving-pieces/dp/B07PBBRWFG/ref=sr_1_38?keywords=name+potatoes&qid=1654450999&smid=AXOGFIT0PZZ7G&sr=8-38
Aero Seeds 45 Variety (3500+ seeds) Of Vegetable Seeds,₹199,3.4 out of 5 stars,"1,211",http://www.amazon.in/Aero-Seeds-Variety-seeds-Vegetable/dp/B084MC6MLW/ref=sr_1_39?keywords=name+potatoes&qid=1654450999&sr=8-39
"Amazon Brand - Solimo Tomato Ketchup, 950 g",₹109,4.2 out of 5 stars,"6,430",http://www.amazon.in/Amazon-Brand-Solimo-Tomato-Ketchup/dp/B07TV62C7B/ref=sr_1_40?keywords=name+potatoes&qid=1654450999&sr=8-40
"Spell It Out With Stationary: Book for Kids Age 3-8, Boys or Girls, kids, and Preschool Prep, Kindergarten,1st-2nd Grade Activity Learning.",₹0,3.0 out of 5 stars,by ,http://www.amazon.in/Spell-Out-Stationary-Preschool-Kindergarten-ebook/dp/B07Z9X6PVK/ref=sr_1_41?keywords=name+potatoes&qid=1654450999&sr=8-41
Kurkure Namkeen - Puffcorn (Yummy Cheese) - 55 g Pack,₹20,4.4 out of 5 stars,"2,218",http://www.amazon.in/Kurkure-Namkeen-Puffcorn-Yummy-Cheese/dp/B00WWSTGFS/ref=sr_1_43?keywords=name+potatoes&qid=1654450999&sr=8-43
"Tata Sampann Garam Masala with Natural Oils, 100g",₹44,4.4 out of 5 stars,"6,501",http://www.amazon.in/Tata-Sampann-Garam-Masala-100g/dp/B079H113LK/ref=sr_1_44?keywords=name+potatoes&qid=1654450999&sr=8-44
"Spell It Out With Vegetables: Book for Kids Age 3-8, Boys or Girls, kids, and Preschool Prep, Kindergarten,1st-2nd Grade Activity Learning.",₹0,,by ,http://www.amazon.in/Spell-Out-Vegetables-Preschool-Kindergarten-ebook/dp/B08RSB73D9/ref=sr_1_45?keywords=name+potatoes&qid=1654450999&sr=8-45
Amazon Brand - Solimo Premium High-Carbon Stainless Steel Meat Cleaver/Knife,₹649,4.3 out of 5 stars,"3,974",http://www.amazon.in/Amazon-Brand-Premium-High-Carbon-Stainless/dp/B079YFNV6Q/ref=sr_1_46?keywords=name+potatoes&qid=1654450999&smid=AXOGFIT0PZZ7G&sr=8-46
"Spell It Out With Green Vegetable: Book for Kids Age 3-7, Boys or Girls, kids, and Preschool Prep, Kindergarten,1st-2nd Grade Activity Learning.",₹0,,by ,http://www.amazon.in/Spell-Out-Green-Vegetable-Kindergarten-ebook/dp/B07ZV4GQ4J/ref=sr_1_47?keywords=name+potatoes&qid=1654450999&sr=8-47
"Prestige Aluminium Hard Anodised Cookware Tadka Pan, 13cm, Black",₹490,4.5 out of 5 stars,"1,828",http://www.amazon.in/Prestige-Anodised-Cookware-Tadka-130mm/dp/B00N82M3RA/ref=sr_1_48?keywords=name+potatoes&qid=1654450999&sr=8-48
"Amazon Brand - Solimo Plastic Knives, Scissor, Peeler and Chopping Board (Black) -Set of 5",₹469,4.3 out of 5 stars,879,http://www.amazon.in/Amazon-Brand-Solimo-Chopping-Scissor/dp/B07FFG5V27/ref=sr_1_49?keywords=name+potatoes&qid=1654450999&smid=AXOGFIT0PZZ7G&sr=8-49
"Amazon Brand - Solimo Plastic Storage Containers with Sliding Mouth (Set of 6, 1100ml, Blue)",₹649,3.9 out of 5 stars,"3,008",http://www.amazon.in/Amazon-Brand-Plastic-Storage-container/dp/B07PCBTX6S/ref=sr_1_50?keywords=name+potatoes&qid=1654450999&smid=AXOGFIT0PZZ7G&sr=8-50
"Toys: Learning Vocabulary With Toy For Kids Age 1-5, Boys or Girls, and Preschool Prep & Kindergarten Activity Learning",₹0,5.0 out of 5 stars,by ,http://www.amazon.in/Toys-Learning-Vocabulary-Preschool-Kindergarten-ebook/dp/B07PN9K318/ref=sr_1_51?keywords=name+potatoes&qid=1654450999&sr=8-51
Masterchow Bang Bang Chilli & Garlic Stir Fry Cooking Sauce (220 gm) | Medium Spicy | No Artificial Color | Made in Small Batches | Fresh From the Kitchen | Get Restaurant Style Taste in Just 10 Minutes | Serves 4-5,₹192,3.8 out of 5 stars,247,http://www.amazon.in/Masterchow-Cooking-Calories-Artificial-Restaurant/dp/B08XXXTTZY/ref=sr_1_52?keywords=name+potatoes&qid=1654450999&sr=8-52
Elleinterio Rustic Style Canisters set with lid - Metal Sugar pot set coffee pot set - kitchen storage jar & container set of 3 pcs,₹899,5.0 out of 5 stars,2,http://www.amazon.in/gp/slredirect/picassoRedirect.html/ref=pa_sp_btf_aps_sr_pg1_1?ie=UTF8&adId=A02946702OT2WTGKWWCPK&url=%2FElleinterio-Rustic-Style-Canisters-set%2Fdp%2FB09NQ14GZZ%2Fref%3Dsr_1_53_sspa%3Fkeywords%3Dname%2Bpotatoes%26qid%3D1654450999%26sr%3D8-53-spons%26psc%3D1&qualifier=1654450999&id=1233353484256875&widgetName=sp_btf
MegaDeal Stainless Steel Twist Potato Slicer Handmade DIY Spiral Potato Twister French Fries Cutting Chip Machine Tornado Cutter,"₹1,280",5.0 out of 5 stars,1,http://www.amazon.in/gp/slredirect/picassoRedirect.html/ref=pa_sp_btf_aps_sr_pg1_1?ie=UTF8&adId=A00345683VV98T5UL9UZ2&url=%2FMegaDeal-Potato-Machine-Twister-Tornado%2Fdp%2FB082FHVRLG%2Fref%3Dsr_1_54_sspa%3Fkeywords%3Dname%2Bpotatoes%26qid%3D1654450999%26sr%3D8-54-spons%26psc%3D1&qualifier=1654450999&id=1233353484256875&widgetName=sp_btf
Ebun Stainless Steel Black and Silver Lining Kitchen Storage Containers with See Through lid Black Set of 3 Capacity 750 Ml,"₹1,075",4.1 out of 5 stars,3,http://www.amazon.in/gp/slredirect/picassoRedirect.html/ref=pa_sp_btf_aps_sr_pg1_1?ie=UTF8&adId=A02316193I50ZSZGJW9GS&url=%2FEbun-Stainless-Black-Containers-Capacity%2Fdp%2FB098TGKWYX%2Fref%3Dsr_1_55_sspa%3Fkeywords%3Dname%2Bpotatoes%26qid%3D1654450999%26sr%3D8-55-spons%26psc%3D1&qualifier=1654450999&id=1233353484256875&widgetName=sp_btf
GINOYA BROTHERS Wide Mouth Mason & Kitchen Storage Glass Jar With Airtight Silver Lid - 320 ML Pack Of 6,₹595,4.2 out of 5 stars,502,http://www.amazon.in/gp/slredirect/picassoRedirect.html/ref=pa_sp_btf_aps_sr_pg1_1?ie=UTF8&adId=A04488651AEHC6E445XGS&url=%2FGinoya-Brothers-Kitchen-Storage-Airtight%2Fdp%2FB08D89DXXN%2Fref%3Dsr_1_56_sspa%3Fkeywords%3Dname%2Bpotatoes%26qid%3D1654450999%26sr%3D8-56-spons%26psc%3D1%26smid%3DAVNMS422PPSRT&qualifier=1654450999&id=1233353484256875&widgetName=sp_btf
"HOMAXA Stainless Steel Potato Slicer, 2022 Cutter Machine Twister Curly Spiral French Fry Tornado Manual Stainless Steel Twisted Potato Slicer Spiral Vegetable Cutter French Fry 6 x 5.5 x 11.3 inches","₹1,290",5.0 out of 5 stars,1,http://www.amazon.in/gp/slredirect/picassoRedirect.html/ref=pa_sp_btf_aps_sr_pg1_1?ie=UTF8&adId=A06370291NS4GOW8TEJK3&url=%2FStainless-Machine-Twister-Tornado-Vegetable%2Fdp%2FB09PQVJVTY%2Fref%3Dsr_1_57_sspa%3Fkeywords%3Dname%2Bpotatoes%26qid%3D1654450999%26sr%3D8-57-spons%26psc%3D1&qualifier=1654450999&id=1233353484256875&widgetName=sp_btf
KeyDus® quality product for your lifestyle Plastic Kitchen Grocery Storage Unbreakable Sturdy Airtight Transparent Matuki Shape Containers,₹569,,,http://www.amazon.in/gp/slredirect/picassoRedirect.html/ref=pa_sp_btf_aps_sr_pg1_1?ie=UTF8&adId=A073942818NBCUEVVP22M&url=%2Flifestyle-Unbreakable-Airtight-Transparent-Containers%2Fdp%2FB09FK7KKK3%2Fref%3Dsr_1_58_sspa%3Fkeywords%3Dname%2Bpotatoes%26qid%3D1654450999%26sr%3D8-58-spons%26psc%3D1&qualifier=1654450999&id=1233353484256875&widgetName=sp_btf
